timestamp,node,burst_count_mean,active_ch_mean,baseline_burst,baseline_active,prediksi,fase
2026-07-18 16:43:46,Node3,3.000,11.200,0.000,0.000,0,deteksi
2026-07-18 16:43:52,Node3,3.200,22.200,0.000,0.000,1,deteksi
2026-07-18 16:43:57,Node3,4.000,22.800,0.000,0.000,1,deteksi
2026-07-18 16:44:02,Node3,3.800,12.800,0.000,0.000,0,deteksi
2026-07-18 16:44:07,Node3,4.200,7.200,0.000,0.000,0,deteksi
2026-07-18 16:44:12,Node3,3.400,17.200,0.000,0.000,0,deteksi
2026-07-18 16:44:17,Node3,3.400,24.400,0.000,0.000,1,deteksi
2026-07-18 16:44:22,Node3,4.400,21.400,0.000,0.000,1,deteksi
2026-07-18 16:44:27,Node3,5.600,13.600,0.000,0.000,0,deteksi
2026-07-18 16:44:33,Node3,5.200,10.600,0.000,0.000,0,deteksi
2026-07-18 16:44:38,Node3,5.000,17.800,0.000,0.000,0,deteksi
2026-07-18 16:44:43,Node3,4.600,15.200,0.000,0.000,0,deteksi
2026-07-18 16:44:48,Node3,3.200,10.000,0.000,0.000,0,deteksi
2026-07-18 16:44:53,Node3,2.800,5.000,0.000,0.000,0,deteksi
2026-07-18 16:44:59,Node3,2.800,9.800,0.000,0.000,0,deteksi
2026-07-18 16:45:03,Node3,3.400,8.800,0.000,0.000,0,deteksi
2026-07-18 16:45:09,Node3,3.800,5.400,0.000,0.000,0,deteksi
2026-07-18 16:45:14,Node3,3.400,4.600,0.000,0.000,0,deteksi
2026-07-18 16:45:19,Node3,3.600,5.000,0.000,0.000,0,deteksi
2026-07-18 16:45:24,Node3,4.800,7.600,0.000,0.000,0,deteksi
2026-07-18 16:45:29,Node3,7.000,10.600,0.000,0.000,1,deteksi
2026-07-18 16:45:35,Node3,6.600,11.800,0.000,0.000,0,deteksi
2026-07-18 16:45:39,Node3,5.600,11.800,0.000,0.000,0,deteksi
2026-07-18 16:45:45,Node3,4.800,11.800,0.000,0.000,0,deteksi
2026-07-18 16:45:50,Node3,4.200,10.000,0.000,0.000,0,deteksi
2026-07-18 16:45:55,Node3,3.400,6.000,0.000,0.000,0,deteksi
2026-07-18 16:46:00,Node3,2.800,3.800,0.000,0.000,0,deteksi
2026-07-18 16:46:05,Node3,2.800,3.800,0.000,0.000,0,deteksi
2026-07-18 16:46:10,Node3,2.800,3.800,0.000,0.000,0,deteksi
2026-07-18 16:46:15,Node3,4.000,6.000,0.000,0.000,0,deteksi
2026-07-18 16:46:20,Node3,4.400,6.600,0.000,0.000,0,deteksi
2026-07-18 16:46:26,Node3,4.600,6.000,0.000,0.000,0,deteksi
2026-07-18 16:46:31,Node3,3.800,4.400,0.000,0.000,0,deteksi
2026-07-18 16:46:36,Node3,3.200,3.600,0.000,0.000,0,deteksi
2026-07-18 16:46:41,Node3,2.800,3.600,0.000,0.000,0,deteksi
2026-07-18 16:46:46,Node3,3.200,4.400,0.000,0.000,0,deteksi
2026-07-18 16:46:51,Node3,3.400,4.600,0.000,0.000,0,deteksi
2026-07-18 16:46:56,Node3,3.000,4.200,0.000,0.000,0,deteksi
2026-07-18 16:47:02,Node3,3.600,5.800,0.000,0.000,0,deteksi
2026-07-18 16:47:07,Node3,4.000,6.200,0.000,0.000,0,deteksi
2026-07-18 16:47:12,Node3,4.800,7.200,0.000,0.000,0,deteksi
2026-07-18 16:47:17,Node3,4.200,7.200,0.000,0.000,0,deteksi
2026-07-18 16:47:22,Node3,3.200,5.000,0.000,0.000,0,deteksi
2026-07-18 16:47:27,Node3,2.800,4.400,0.000,0.000,0,deteksi
2026-07-18 16:47:32,Node3,4.000,7.400,0.000,0.000,0,deteksi
2026-07-18 16:47:38,Node3,4.000,7.200,0.000,0.000,0,deteksi
2026-07-18 16:47:43,Node3,3.400,5.800,0.000,0.000,0,deteksi
2026-07-18 16:47:48,Node3,3.000,6.200,0.000,0.000,0,deteksi
2026-07-18 16:47:53,Node3,3.200,6.400,0.000,0.000,0,deteksi
2026-07-18 16:47:58,Node3,3.000,9.000,0.000,0.000,0,deteksi
2026-07-18 16:48:03,Node3,3.200,8.200,0.000,0.000,0,deteksi
2026-07-18 16:48:09,Node3,3.200,8.800,0.000,0.000,0,deteksi
2026-07-18 16:48:13,Node3,2.800,6.400,0.000,0.000,0,deteksi
2026-07-18 16:48:19,Node3,3.600,6.200,0.000,0.000,0,deteksi
2026-07-18 16:48:24,Node3,3.400,5.200,0.000,0.000,0,deteksi
2026-07-18 16:48:29,Node3,4.800,10.800,0.000,0.000,0,deteksi
2026-07-18 16:48:34,Node3,5.000,10.600,0.000,0.000,0,deteksi
2026-07-18 16:48:39,Node3,3.800,8.000,0.000,0.000,0,deteksi
2026-07-18 16:48:44,Node3,2.600,3.600,0.000,0.000,0,deteksi
2026-07-18 16:48:53,Node3,3.600,5.000,0.000,0.000,0,deteksi
2026-07-18 16:48:58,Node3,3.200,5.000,0.000,0.000,0,deteksi
2026-07-18 16:49:03,Node3,3.400,4.600,0.000,0.000,0,deteksi
2026-07-18 16:49:09,Node3,3.400,4.200,0.000,0.000,0,deteksi
2026-07-18 16:49:14,Node3,4.000,9.200,0.000,0.000,0,deteksi
2026-07-18 16:49:19,Node3,4.200,9.800,0.000,0.000,0,deteksi
2026-07-18 16:49:24,Node3,3.600,9.600,0.000,0.000,0,deteksi
2026-07-18 16:49:29,Node3,3.800,8.400,0.000,0.000,0,deteksi
2026-07-18 16:49:34,Node3,3.000,5.800,0.000,0.000,0,deteksi
2026-07-18 16:49:39,Node3,3.600,6.600,0.000,0.000,0,deteksi
2026-07-18 16:49:45,Node3,4.000,7.200,0.000,0.000,0,deteksi
2026-07-18 16:49:50,Node3,3.800,6.200,0.000,0.000,0,deteksi
2026-07-18 16:49:55,Node3,4.000,6.200,0.000,0.000,0,deteksi
2026-07-18 16:50:00,Node3,4.400,6.600,0.000,0.000,0,deteksi
2026-07-18 16:50:05,Node3,4.000,5.400,0.000,0.000,0,deteksi
2026-07-18 16:50:10,Node3,3.600,5.000,0.000,0.000,0,deteksi
2026-07-18 16:50:15,Node3,3.400,4.800,0.000,0.000,0,deteksi
2026-07-18 16:50:21,Node3,3.200,4.600,0.000,0.000,0,deteksi
2026-07-18 16:50:26,Node3,3.400,5.800,0.000,0.000,0,deteksi
2026-07-18 16:50:31,Node3,3.600,7.800,0.000,0.000,0,deteksi
2026-07-18 16:50:36,Node3,3.600,7.200,0.000,0.000,0,deteksi
2026-07-18 16:50:41,Node3,3.600,5.000,0.000,0.000,0,deteksi
2026-07-18 16:50:46,Node3,3.400,7.600,0.000,0.000,0,deteksi
2026-07-18 16:50:51,Node3,4.000,10.400,0.000,0.000,0,deteksi
2026-07-18 16:50:56,Node3,3.000,6.400,0.000,0.000,0,deteksi
2026-07-18 16:51:02,Node3,2.400,5.400,0.000,0.000,0,deteksi
2026-07-18 16:51:20,Node3,6.400,14.000,0.000,0.000,0,deteksi
2026-07-18 16:51:25,Node3,6.000,13.400,0.000,0.000,0,deteksi
2026-07-18 16:51:30,Node3,3.800,11.400,0.000,0.000,0,deteksi
2026-07-18 16:51:35,Node3,4.000,6.600,0.000,0.000,0,deteksi
2026-07-18 16:51:40,Node3,3.200,4.000,0.000,0.000,0,deteksi
2026-07-18 16:51:45,Node3,3.400,4.200,0.000,0.000,0,deteksi
2026-07-18 16:51:54,Node3,3.400,5.200,0.000,0.000,0,deteksi
2026-07-18 16:51:59,Node3,3.400,6.000,0.000,0.000,0,deteksi
2026-07-18 16:52:04,Node3,3.600,5.000,0.000,0.000,0,deteksi
2026-07-18 16:52:13,Node3,3.600,5.800,0.000,0.000,0,deteksi
2026-07-18 16:52:36,Node3,3.200,6.400,0.000,0.000,0,deteksi
2026-07-18 16:52:45,Node3,3.600,6.800,0.000,0.000,0,deteksi
2026-07-18 16:52:51,Node3,3.600,5.600,0.000,0.000,0,deteksi
2026-07-18 16:52:56,Node3,3.800,7.600,0.000,0.000,0,deteksi
2026-07-18 16:53:01,Node3,3.400,8.600,0.000,0.000,0,deteksi
2026-07-18 16:53:06,Node3,3.000,7.800,0.000,0.000,0,deteksi
2026-07-18 16:53:11,Node3,3.000,3.000,0.000,0.000,0,deteksi
2026-07-18 16:53:16,Node3,4.000,4.200,0.000,0.000,0,deteksi
2026-07-18 16:53:21,Node3,4.600,7.000,0.000,0.000,0,deteksi
2026-07-18 16:53:26,Node3,4.800,7.200,0.000,0.000,0,deteksi
2026-07-18 16:53:32,Node3,5.400,8.800,0.000,0.000,0,deteksi
2026-07-18 16:53:37,Node3,4.200,6.200,0.000,0.000,0,deteksi
2026-07-18 16:53:42,Node3,4.000,7.600,0.000,0.000,0,deteksi
2026-07-18 16:53:51,Node3,4.200,7.400,0.000,0.000,0,deteksi
2026-07-18 16:53:56,Node3,4.200,7.800,0.000,0.000,0,deteksi
2026-07-18 16:54:01,Node3,4.000,5.800,0.000,0.000,0,deteksi
2026-07-18 16:54:06,Node3,3.000,4.200,0.000,0.000,0,deteksi
2026-07-18 16:54:11,Node3,3.200,4.400,0.000,0.000,0,deteksi
2026-07-18 16:54:17,Node3,3.400,5.200,0.000,0.000,0,deteksi
2026-07-18 16:54:22,Node3,4.000,6.600,0.000,0.000,0,deteksi
2026-07-18 16:54:27,Node3,3.800,7.800,0.000,0.000,0,deteksi
2026-07-18 16:54:32,Node3,4.200,8.000,0.000,0.000,0,deteksi
2026-07-18 16:54:37,Node3,4.400,8.800,0.000,0.000,0,deteksi
2026-07-18 16:54:42,Node3,3.600,5.600,0.000,0.000,0,deteksi
2026-07-18 16:54:47,Node3,4.800,9.200,0.000,0.000,0,deteksi
2026-07-18 16:54:52,Node3,5.000,9.000,0.000,0.000,0,deteksi
2026-07-18 16:54:58,Node3,4.600,7.600,0.000,0.000,0,deteksi
2026-07-18 16:55:03,Node3,3.800,5.800,0.000,0.000,0,deteksi
2026-07-18 16:55:08,Node3,3.600,5.600,0.000,0.000,0,deteksi
2026-07-18 16:55:13,Node3,4.000,6.800,0.000,0.000,0,deteksi
2026-07-18 16:55:18,Node3,4.800,9.200,0.000,0.000,0,deteksi
2026-07-18 16:55:23,Node3,4.200,7.000,0.000,0.000,0,deteksi
2026-07-18 16:55:28,Node3,3.600,5.200,0.000,0.000,0,deteksi
2026-07-18 16:55:34,Node3,3.800,5.600,0.000,0.000,0,deteksi
2026-07-18 16:55:39,Node3,3.000,4.400,0.000,0.000,0,deteksi
2026-07-18 16:55:55,Node3,3.000,5.000,0.000,0.000,0,kalibrasi_normal
2026-07-18 16:55:58,Node3,5.000,6.000,0.000,0.000,0,kalibrasi_normal
2026-07-18 16:56:00,Node3,6.000,15.000,0.000,0.000,0,kalibrasi_normal
2026-07-18 16:56:03,Node3,4.000,14.000,0.000,0.000,0,kalibrasi_normal
2026-07-18 16:56:06,Node3,3.000,4.000,0.000,0.000,0,kalibrasi_normal
2026-07-18 16:56:08,Node3,4.000,8.000,0.000,0.000,0,kalibrasi_normal
2026-07-18 16:56:11,Node3,3.000,5.000,0.000,0.000,0,kalibrasi_normal
2026-07-18 16:56:13,Node3,8.000,13.000,0.000,0.000,0,kalibrasi_normal
2026-07-18 16:56:16,Node3,3.000,4.000,0.000,0.000,0,kalibrasi_normal
2026-07-18 16:56:18,Node3,2.000,3.000,0.000,0.000,0,kalibrasi_normal
2026-07-18 16:56:21,Node3,3.000,4.000,0.000,0.000,0,kalibrasi_normal
2026-07-18 16:56:24,Node3,2.000,2.000,0.000,0.000,0,kalibrasi_normal
2026-07-18 16:56:26,Node3,2.000,3.000,0.000,0.000,0,kalibrasi_normal
2026-07-18 16:56:29,Node3,2.000,3.000,0.000,0.000,0,kalibrasi_normal
2026-07-18 16:56:31,Node3,2.000,2.000,0.000,0.000,0,kalibrasi_normal
2026-07-18 16:56:34,Node3,4.000,4.000,0.000,0.000,0,kalibrasi_normal
2026-07-18 16:56:36,Node3,6.000,9.000,0.000,0.000,0,kalibrasi_normal
2026-07-18 16:56:39,Node3,4.000,4.000,0.000,0.000,0,kalibrasi_normal
2026-07-18 16:56:42,Node3,6.000,10.000,0.000,0.000,0,kalibrasi_normal
2026-07-18 16:56:44,Node3,3.000,4.000,0.000,0.000,0,kalibrasi_normal
2026-07-18 16:56:52,Node3,3.000,3.000,0.000,0.000,0,kalibrasi_drone
2026-07-18 16:56:54,Node3,3.000,4.000,0.000,0.000,0,kalibrasi_drone
2026-07-18 16:56:57,Node3,4.000,8.000,0.000,0.000,0,kalibrasi_drone
2026-07-18 16:57:00,Node3,2.000,3.000,0.000,0.000,0,kalibrasi_drone
2026-07-18 16:57:02,Node3,2.000,18.000,0.000,0.000,0,kalibrasi_drone
2026-07-18 16:57:05,Node3,2.000,3.000,0.000,0.000,0,kalibrasi_drone
