waktu,node,status,delay_ms,rssi_dbm,snr_db
07:02:03,Node1,reply,1100.8,-56,12.25
07:02:05,Node2,reply,1120.0,-59,9.5
07:02:06,Node3,reply,1100.7,-58,9.75
07:02:07,Node1,reply,1100.3,-55,9.5
07:02:09,Node2,reply,1100.9,-60,9.25
07:02:10,Node3,reply,1100.0,-57,9.75
07:02:11,Node1,reply,1102.2,-55,10.0
07:02:12,Node2,reply,1100.6,-60,9.5
07:02:14,Node3,reply,1100.2,-58,9.75
07:02:15,Node1,reply,1100.6,-55,9.5
07:02:16,Node2,reply,1100.4,-60,9.75
07:02:18,Node3,reply,1100.2,-57,9.5
07:02:19,Node1,reply,1100.5,-56,9.25
07:02:20,Node2,reply,1100.8,-57,10.25
07:02:22,Node3,reply,1100.5,-56,10.25
07:02:23,Node1,reply,1100.8,-66,9.75
07:02:24,Node2,reply,1099.9,-58,10.0
07:02:26,Node3,reply,1100.4,-58,9.75
07:02:27,Node1,reply,1100.5,-76,6.75
07:02:28,Node2,reply,1100.4,-60,9.75
07:02:30,Node3,reply,1100.6,-59,10.0
07:02:31,Node1,reply,1100.2,-76,7.0
07:02:32,Node2,reply,1102.2,-63,9.25
07:02:34,Node3,reply,1099.8,-61,10.0
07:02:35,Node1,reply,1100.8,-68,9.25
07:02:36,Node2,reply,1100.3,-70,9.75
07:02:38,Node3,reply,1100.4,-66,9.75
07:02:39,Node1,reply,1100.6,-69,9.0
07:02:40,Node2,reply,1100.3,-79,9.0
07:02:41,Node3,reply,1100.3,-69,9.75
07:02:43,Node1,reply,1100.7,-69,9.25
07:02:44,Node2,reply,1100.3,-73,10.25
07:02:45,Node3,reply,1100.4,-65,9.75
07:02:47,Node1,reply,1100.3,-68,9.5
07:02:48,Node2,reply,1100.1,-70,10.0
07:02:49,Node3,reply,1100.8,-65,9.5
07:02:51,Node1,reply,1100.5,-70,9.25
07:02:52,Node2,reply,1100.9,-69,9.25
07:02:53,Node3,reply,1102.6,-68,9.75
07:02:55,Node1,reply,1100.7,-69,9.5
07:02:56,Node2,reply,1100.4,-65,9.75
07:02:57,Node3,reply,1100.2,-65,9.75
07:02:59,Node1,reply,1101.1,-69,9.25
07:03:00,Node2,reply,1100.3,-66,9.5
07:03:01,Node3,reply,1100.2,-66,10.0
07:03:03,Node1,reply,1100.3,-68,9.0
07:03:04,Node2,reply,1100.4,-66,9.25
07:03:05,Node3,reply,1100.2,-67,10.0
07:03:07,Node1,reply,1100.7,-68,9.25
07:03:08,Node2,reply,1100.0,-66,9.5
07:03:09,Node3,reply,1100.3,-68,9.5
07:03:11,Node1,reply,1100.3,-69,9.25
07:03:12,Node2,reply,1101.0,-68,9.75
07:03:13,Node3,reply,1100.5,-66,10.0
07:03:14,Node1,reply,1102.4,-67,9.25
07:03:16,Node2,reply,1100.2,-66,9.5
07:03:17,Node3,reply,1100.9,-65,10.25
07:03:18,Node1,reply,1100.2,-67,9.75
07:03:20,Node2,reply,1100.7,-65,9.75
07:03:21,Node3,timeout,,,
07:03:23,Node1,reply,1101.3,-70,8.75
07:03:24,Node2,reply,1100.5,-67,9.75
07:03:25,Node3,reply,1100.6,-65,9.75
07:03:27,Node1,reply,1101.0,-69,9.25
07:03:28,Node2,reply,1100.3,-66,10.0
07:03:29,Node3,reply,1100.2,-65,9.25
07:03:31,Node1,reply,1100.2,-66,9.75
07:03:32,Node2,reply,1100.7,-65,9.5
07:03:33,Node3,reply,1100.9,-65,9.5
07:03:35,Node1,reply,1100.0,-68,9.0
07:03:36,Node2,reply,1100.9,-66,9.5
07:03:37,Node3,reply,1100.8,-65,9.75
07:03:39,Node1,reply,1101.8,-69,8.75
07:03:40,Node2,reply,1100.7,-66,9.5
07:03:41,Node3,reply,1100.4,-66,10.0
07:03:43,Node1,reply,1100.3,-68,9.5
07:03:44,Node2,reply,1100.6,-67,9.5
07:03:45,Node3,reply,1100.3,-66,9.5
07:03:47,Node1,reply,1101.2,-67,9.75
07:03:48,Node2,reply,1100.4,-66,10.0
07:03:49,Node3,reply,1100.3,-65,9.75
07:03:50,Node1,reply,1100.1,-67,9.0
07:03:52,Node2,reply,1100.6,-66,11.75
07:03:53,Node3,reply,1100.3,-65,9.25
07:03:54,Node1,reply,1100.6,-67,10.0
07:03:56,Node2,reply,1100.4,-65,9.75
07:03:57,Node3,reply,1099.8,-65,9.5
07:03:58,Node1,reply,1100.4,-67,9.75
07:04:00,Node2,reply,1102.1,-65,9.5
07:04:01,Node3,reply,1100.6,-63,9.5
07:04:02,Node1,reply,1100.7,-69,8.75
07:04:04,Node2,reply,1100.4,-65,9.5
07:04:05,Node3,reply,1100.5,-65,9.75
07:04:06,Node1,reply,1100.6,-68,9.5
07:04:08,Node2,reply,1100.9,-65,9.75
07:04:09,Node3,reply,1100.8,-64,9.75
07:04:10,Node1,reply,1100.2,-66,10.0
07:04:12,Node2,reply,1100.1,-66,9.5
07:04:13,Node3,reply,1100.5,-65,9.75
07:04:14,Node1,reply,1100.4,-68,9.25
07:04:16,Node2,reply,1100.7,-65,9.75
07:04:17,Node3,reply,1100.0,-64,9.75
07:04:18,Node1,reply,1100.2,-67,9.5
07:04:20,Node2,reply,1100.1,-66,10.0
07:04:21,Node3,reply,1102.2,-65,9.5
07:04:22,Node1,reply,1100.4,-67,9.5
07:04:23,Node2,reply,1100.8,-66,10.0
07:04:25,Node3,reply,1100.6,-65,9.75
07:04:26,Node1,reply,1100.4,-67,9.25
07:04:27,Node2,reply,1100.3,-66,9.75
07:04:29,Node3,reply,1100.5,-65,9.5
07:04:30,Node1,reply,1100.7,-67,9.75
07:04:31,Node2,reply,1100.3,-65,10.25
07:04:33,Node3,reply,1100.9,-65,10.25
07:04:34,Node1,reply,1100.5,-69,9.0
07:04:35,Node2,reply,1100.9,-65,9.5
07:04:37,Node3,reply,1100.4,-65,10.25
07:04:38,Node1,reply,1100.1,-67,10.0
07:04:39,Node2,reply,1100.6,-66,9.5
07:04:41,Node3,reply,1100.0,-65,9.75
07:04:42,Node1,reply,1102.5,-67,9.25
07:04:44,Node2,timeout,,,
07:04:45,Node3,reply,1100.1,-66,9.75
07:04:46,Node1,reply,1100.3,-69,9.25
07:04:48,Node2,reply,1101.0,-66,9.5
07:04:49,Node3,reply,1100.5,-68,9.5
07:04:50,Node1,reply,1100.8,-69,9.0
07:04:52,Node2,reply,1100.5,-68,9.5
07:04:53,Node3,reply,1100.3,-68,9.5
07:04:54,Node1,reply,1100.3,-69,9.25
07:04:55,Node2,reply,1100.5,-67,9.75
07:04:57,Node3,reply,1100.7,-66,10.0
07:04:58,Node1,reply,1100.2,-69,9.75
07:04:59,Node2,reply,1100.2,-67,9.5
07:05:01,Node3,reply,1100.4,-66,9.5
07:05:02,Node1,reply,1100.2,-68,10.0
07:05:03,Node2,reply,1101.0,-67,9.5
07:05:05,Node3,reply,1100.6,-64,9.75
07:05:06,Node1,reply,1102.2,-66,9.5
07:05:07,Node2,reply,1099.9,-66,10.0
07:05:09,Node3,reply,1099.9,-65,9.75
07:05:10,Node1,timeout,,,
07:05:12,Node2,reply,1100.3,-66,9.5
07:05:13,Node3,reply,1100.6,-65,10.75
07:05:14,Node1,reply,1100.5,-67,9.5
07:05:16,Node2,reply,1100.3,-68,9.75
07:05:17,Node3,reply,1100.2,-65,9.75
07:05:18,Node1,reply,1100.8,-67,9.25
07:05:20,Node2,reply,1100.3,-65,9.75
07:05:21,Node3,reply,1100.1,-63,9.75
07:05:22,Node1,reply,1100.5,-66,9.25
07:05:24,Node2,reply,1100.4,-64,10.0
07:05:25,Node3,reply,1100.0,-63,10.25
07:05:26,Node1,reply,1100.1,-66,9.25
07:05:28,Node2,reply,1100.4,-63,9.75
07:05:29,Node3,reply,1100.4,-63,9.75
07:05:30,Node1,reply,1102.5,-66,9.5
07:05:31,Node2,reply,1100.3,-63,9.5
07:05:33,Node3,reply,1100.4,-64,9.5
07:05:34,Node1,reply,1100.3,-67,9.5
07:05:35,Node2,reply,1100.3,-64,9.5
07:05:37,Node3,reply,1100.1,-64,9.75
07:05:38,Node1,reply,1100.3,-67,9.5
07:05:39,Node2,reply,1100.0,-65,9.25
07:05:41,Node3,reply,1100.2,-67,9.75
07:05:42,Node1,reply,1100.6,-67,9.75
07:05:43,Node2,reply,1100.3,-64,10.0
07:05:45,Node3,timeout,,,
07:05:46,Node1,reply,1100.6,-68,9.75
07:05:48,Node2,reply,1100.3,-64,9.5
07:05:49,Node3,reply,1100.4,-65,10.0
07:05:50,Node1,reply,1100.4,-67,9.5
07:05:52,Node2,reply,1100.5,-65,9.5
07:05:53,Node3,reply,1100.3,-66,10.25
07:05:54,Node1,reply,1102.4,-67,9.0
07:05:56,Node2,reply,1100.4,-65,9.75
07:05:57,Node3,reply,1100.2,-66,9.5
07:05:58,Node1,reply,1100.2,-67,9.0
07:06:00,Node2,reply,1100.2,-65,9.75
07:06:01,Node3,reply,1100.2,-65,9.5
07:06:02,Node1,reply,1100.3,-66,9.25
07:06:03,Node2,reply,1100.5,-64,9.75
07:06:05,Node3,reply,1100.4,-65,9.75
07:06:06,Node1,reply,1100.4,-66,9.0
07:06:07,Node2,reply,1100.4,-65,9.5
07:06:09,Node3,reply,1099.8,-65,10.25
07:06:10,Node1,reply,1100.7,-66,9.5
07:06:11,Node2,reply,1100.3,-65,10.25
07:06:13,Node3,timeout,,,
07:06:14,Node1,reply,1100.5,-68,9.0
07:06:16,Node2,reply,1100.2,-64,9.5
07:06:17,Node3,reply,1100.0,-65,9.75
07:06:18,Node1,reply,1102.0,-66,9.25
07:06:20,Node2,reply,1100.7,-64,9.75
07:06:21,Node3,reply,1100.1,-65,10.0
07:06:22,Node1,reply,1100.5,-67,9.5
07:06:24,Node2,reply,1100.3,-65,9.75
07:06:25,Node3,reply,1100.2,-65,9.5
07:06:26,Node1,reply,1100.8,-66,9.25
07:06:28,Node2,reply,1100.8,-65,9.5
07:06:29,Node3,reply,1100.1,-65,9.75
07:06:31,Node1,timeout,,,
07:06:32,Node2,reply,1100.7,-66,10.0
07:06:33,Node3,reply,1100.8,-69,9.75
07:06:35,Node1,reply,1100.7,-68,9.0
07:06:36,Node2,reply,1101.1,-66,9.75
07:06:37,Node3,reply,1099.9,-66,9.5
07:06:39,Node1,reply,1100.5,-68,9.25
07:06:40,Node2,reply,1100.6,-66,9.75
07:06:41,Node3,reply,1100.7,-67,10.0
07:06:43,Node1,reply,1102.9,-68,9.0
07:06:44,Node2,reply,1100.3,-66,9.25
07:06:45,Node3,reply,1100.3,-68,9.5
07:06:47,Node1,timeout,,,
07:06:48,Node2,reply,1100.3,-66,9.5
07:06:49,Node3,reply,1101.0,-68,9.75
07:06:51,Node1,reply,1100.8,-68,9.5
07:06:52,Node2,reply,1100.4,-65,9.75
07:06:53,Node3,reply,1100.4,-67,10.25
07:06:55,Node1,reply,1101.4,-69,9.5
07:06:56,Node2,reply,1100.2,-66,10.0
07:06:57,Node3,reply,1100.5,-69,9.75
07:06:59,Node1,reply,1099.9,-68,9.0
07:07:00,Node2,reply,1099.9,-67,9.5
07:07:01,Node3,reply,1100.2,-69,9.0
07:07:03,Node1,timeout,,,
07:07:04,Node2,reply,1100.2,-65,9.75
07:07:06,Node3,reply,1100.8,-68,9.75
07:07:07,Node1,reply,1100.7,-68,9.75
07:07:08,Node2,reply,1100.9,-67,9.5
07:07:10,Node3,reply,1100.7,-69,9.5
07:07:11,Node1,reply,1100.1,-69,9.25
07:07:12,Node2,reply,1100.2,-67,9.5
07:07:14,Node3,reply,1100.9,-67,10.0
07:07:15,Node1,reply,1099.9,-69,9.25
07:07:16,Node2,reply,1100.3,-67,10.25
07:07:18,Node3,reply,1103.1,-67,9.5
07:07:19,Node1,reply,1100.2,-69,9.25
07:07:20,Node2,reply,1100.3,-65,9.75
07:07:22,Node3,reply,1100.7,-66,9.75
07:07:23,Node1,reply,1100.4,-68,9.5
07:07:24,Node2,reply,1100.3,-65,9.75
07:07:26,Node3,reply,1100.1,-67,9.75
07:07:27,Node1,reply,1099.8,-68,9.5
07:07:28,Node2,reply,1100.1,-66,10.0
07:07:29,Node3,reply,1100.7,-67,10.25
07:07:31,Node1,reply,1100.5,-67,9.75
07:07:32,Node2,reply,1100.3,-66,9.5
07:07:33,Node3,reply,1100.3,-67,10.0
07:07:35,Node1,reply,1100.4,-66,9.5
07:07:36,Node2,reply,1100.2,-65,9.5
07:07:37,Node3,reply,1100.6,-67,9.5
07:07:39,Node1,reply,1101.8,-66,9.25
07:07:40,Node2,reply,1100.1,-65,9.75
07:07:41,Node3,reply,1100.2,-66,9.5
07:07:43,Node1,reply,1100.5,-67,9.5
07:07:44,Node2,reply,1100.5,-65,10.0
07:07:45,Node3,reply,1100.6,-67,9.75
07:07:47,Node1,reply,1100.3,-68,9.5
07:07:48,Node2,reply,1100.4,-65,9.5
07:07:49,Node3,reply,1100.3,-65,9.75
07:07:51,Node1,reply,1100.6,-68,9.25
07:07:52,Node2,reply,1101.0,-66,9.5
07:07:53,Node3,reply,1099.9,-65,9.5
07:07:55,Node1,reply,1100.3,-67,9.75
07:07:56,Node2,reply,1100.5,-66,9.25
07:07:57,Node3,reply,1100.5,-66,10.0
07:07:59,Node1,reply,1100.1,-66,9.25
07:08:00,Node2,reply,1102.6,-65,9.5
07:08:01,Node3,reply,1099.6,-67,10.0
07:08:02,Node1,reply,1100.5,-68,11.75
07:08:04,Node2,reply,1099.8,-66,9.5
07:08:05,Node3,reply,1100.1,-67,10.25
07:08:06,Node1,reply,1099.8,-67,9.5
07:08:08,Node2,reply,1100.3,-66,9.75
07:08:09,Node3,reply,1100.8,-68,10.25
07:08:10,Node1,reply,1100.3,-68,9.75
07:08:12,Node2,reply,1100.5,-65,9.5
07:08:13,Node3,reply,1101.0,-67,9.75
07:08:14,Node1,reply,1100.5,-68,9.25
07:08:16,Node2,reply,1100.0,-66,9.75
07:08:17,Node3,reply,1100.2,-67,9.75
07:08:18,Node1,reply,1101.2,-68,9.75
07:08:20,Node2,reply,1099.9,-65,10.0
07:08:21,Node3,reply,1102.5,-67,9.5
07:08:22,Node1,reply,1100.4,-69,9.25
07:08:24,Node2,reply,1100.6,-65,10.0
07:08:25,Node3,reply,1100.3,-67,9.75
07:08:26,Node1,reply,1100.7,-68,9.0
07:08:28,Node2,reply,1100.4,-65,9.5
07:08:29,Node3,reply,1100.7,-66,9.5
07:08:30,Node1,reply,1100.4,-69,9.0
07:08:31,Node2,reply,1100.9,-65,9.25
07:08:33,Node3,reply,1100.3,-67,10.0
07:08:34,Node1,reply,1100.8,-69,9.0
07:08:35,Node2,reply,1100.4,-65,10.0
07:08:37,Node3,reply,1100.4,-67,10.0
07:08:38,Node1,reply,1100.8,-69,9.25
07:08:39,Node2,reply,1100.6,-65,10.0
07:08:41,Node3,reply,1100.9,-67,10.0
07:08:42,Node1,reply,1102.3,-66,9.25
07:08:43,Node2,reply,1100.7,-65,10.25
07:08:45,Node3,reply,1100.5,-67,9.75
07:08:46,Node1,reply,1100.4,-68,9.25
07:08:47,Node2,reply,1100.0,-65,10.25
07:08:49,Node3,reply,1100.0,-67,10.0
07:08:50,Node1,reply,1099.8,-67,9.5
07:08:51,Node2,reply,1100.3,-64,9.5
07:08:53,Node3,reply,1100.7,-70,9.75
07:08:54,Node1,reply,1100.3,-67,10.0
07:08:55,Node2,reply,1100.5,-65,9.75
07:08:57,Node3,reply,1100.0,-69,9.5
07:08:58,Node1,reply,1100.9,-67,9.25
07:08:59,Node2,reply,1099.7,-65,9.75
07:09:01,Node3,reply,1100.6,-70,9.5
07:09:02,Node1,reply,1100.4,-69,9.25
07:09:03,Node2,reply,1102.5,-64,9.75
07:09:04,Node3,reply,1100.2,-70,9.5
07:09:06,Node1,reply,1100.1,-69,9.25
07:09:07,Node2,reply,1100.4,-65,9.75
07:09:08,Node3,reply,1099.9,-69,9.25
07:09:10,Node1,reply,1100.3,-68,9.5
07:09:11,Node2,reply,1100.0,-65,9.75
07:09:12,Node3,reply,1100.8,-70,9.25
07:09:14,Node1,reply,1100.3,-68,9.25
07:09:15,Node2,reply,1100.6,-65,9.5
07:09:16,Node3,reply,1100.2,-69,9.25
07:09:18,Node1,reply,1100.7,-67,9.5
07:09:19,Node2,reply,1100.3,-65,9.5
07:09:20,Node3,reply,1100.5,-70,9.5
07:09:22,Node1,reply,1100.6,-67,9.25
07:09:23,Node2,reply,1100.5,-65,9.25
07:09:24,Node3,reply,1102.2,-70,9.5
07:09:26,Node1,reply,1100.5,-68,9.25
07:09:27,Node2,reply,1100.6,-65,9.75
07:09:28,Node3,reply,1100.7,-70,9.5
07:09:30,Node1,reply,1100.2,-68,9.5
07:09:31,Node2,timeout,,,
07:09:33,Node3,reply,1100.8,-66,9.5
07:09:34,Node1,reply,1100.6,-68,9.25
07:09:35,Node2,reply,1100.1,-66,9.75
07:09:37,Node3,reply,1100.5,-69,10.0
07:09:38,Node1,reply,1100.8,-67,9.5
07:09:39,Node2,reply,1100.3,-66,9.5
07:09:40,Node3,reply,1100.6,-67,9.75
07:09:42,Node1,reply,1100.8,-67,9.75
07:09:43,Node2,reply,1100.4,-66,9.5
07:09:44,Node3,reply,1100.3,-66,9.75
07:09:46,Node1,reply,1100.3,-67,9.75
07:09:47,Node2,reply,1100.5,-67,9.75
07:09:48,Node3,reply,1102.2,-66,9.75
07:09:50,Node1,reply,1100.2,-67,9.75
07:09:51,Node2,reply,1100.4,-68,9.5
07:09:52,Node3,reply,1100.3,-67,9.75
07:09:54,Node1,reply,1100.6,-68,9.75
07:09:55,Node2,reply,1100.1,-68,10.0
07:09:56,Node3,reply,1100.4,-68,9.75
07:09:58,Node1,reply,1100.1,-68,9.25
07:09:59,Node2,reply,1100.3,-67,10.0
07:10:00,Node3,reply,1100.3,-68,10.0
07:10:02,Node1,reply,1100.4,-68,9.25
07:10:03,Node2,reply,1100.9,-67,10.0
07:10:04,Node3,reply,1100.5,-69,10.0
07:10:06,Node1,timeout,,,
07:10:07,Node2,reply,1100.7,-67,9.75
07:10:09,Node3,reply,1099.9,-68,9.75
07:10:10,Node1,reply,1100.3,-67,9.5
07:10:11,Node2,reply,1100.4,-67,10.0
07:10:12,Node3,reply,1102.0,-67,9.25
07:10:14,Node1,reply,1100.2,-68,9.0
07:10:15,Node2,reply,1100.2,-67,9.5
07:10:16,Node3,reply,1100.6,-67,9.75
07:10:18,Node1,reply,1100.0,-68,9.5
07:10:19,Node2,reply,1100.4,-67,10.0
07:10:20,Node3,reply,1100.3,-69,9.5
07:10:22,Node1,reply,1100.5,-68,9.25
07:10:23,Node2,reply,1100.1,-68,10.0
07:10:24,Node3,reply,1100.3,-69,10.5
07:10:26,Node1,reply,1100.6,-67,9.75
07:10:27,Node2,reply,1100.1,-67,9.75
07:10:28,Node3,reply,1100.6,-68,9.75
07:10:30,Node1,reply,1099.9,-68,9.75
07:10:31,Node2,reply,1100.9,-67,9.5
07:10:32,Node3,reply,1100.2,-68,10.0
07:10:34,Node1,reply,1102.3,-68,9.0
07:10:35,Node2,reply,1100.0,-67,9.5
07:10:36,Node3,reply,1100.1,-65,10.5
07:10:38,Node1,reply,1100.5,-68,9.5
07:10:39,Node2,reply,1100.3,-67,10.25
07:10:40,Node3,reply,1100.8,-67,9.75
07:10:42,Node1,reply,1100.7,-69,9.25
07:10:43,Node2,reply,1100.4,-67,9.5
07:10:44,Node3,reply,1100.3,-66,9.5
07:10:45,Node1,reply,1100.6,-67,9.75
07:10:47,Node2,reply,1100.8,-66,10.0
07:10:48,Node3,reply,1100.5,-68,10.0
07:10:49,Node1,reply,1100.5,-67,9.5
07:10:51,Node2,reply,1100.4,-66,9.75
07:10:52,Node3,reply,1100.6,-65,10.0
07:10:53,Node1,reply,1100.3,-67,9.25
07:10:55,Node2,reply,1102.4,-66,10.0
07:10:56,Node3,reply,1100.2,-66,9.75
07:10:57,Node1,reply,1100.4,-68,9.5
07:10:59,Node2,reply,1100.6,-67,9.5
07:11:00,Node3,reply,1100.7,-68,9.75
07:11:01,Node1,reply,1100.4,-67,9.25
07:11:03,Node2,reply,1100.6,-67,10.0
07:11:04,Node3,reply,1100.1,-67,9.75
07:11:05,Node1,reply,1100.3,-68,9.25
07:11:07,Node2,reply,1100.4,-68,9.75
07:11:08,Node3,reply,1100.6,-68,10.0
07:11:09,Node1,reply,1100.2,-68,10.0
07:11:11,Node2,reply,1100.0,-68,10.0
07:11:12,Node3,reply,1100.9,-67,9.75
07:11:13,Node1,reply,1100.5,-68,9.75
07:11:15,Node2,reply,1100.5,-67,9.75
07:11:16,Node3,reply,1102.6,-67,9.5
07:11:17,Node1,reply,1100.5,-68,9.75
07:11:18,Node2,reply,1100.3,-66,10.0
07:11:20,Node3,reply,1100.4,-67,9.75
07:11:21,Node1,reply,1100.3,-68,9.25
07:11:22,Node2,reply,1100.9,-67,9.5
07:11:24,Node3,reply,1100.5,-67,10.0
07:11:25,Node1,reply,1100.4,-68,9.5
07:11:26,Node2,reply,1100.5,-67,9.25
07:11:28,Node3,reply,1100.3,-68,10.0
07:11:29,Node1,reply,1100.6,-68,9.0
07:11:30,Node2,reply,1100.2,-67,9.75
07:11:32,Node3,reply,1100.4,-68,9.5
07:11:33,Node1,reply,1100.3,-68,9.75
07:11:34,Node2,reply,1100.9,-67,9.75
07:11:36,Node3,reply,1100.7,-68,9.5
07:11:37,Node1,reply,1102.2,-68,8.5
07:11:38,Node2,reply,1100.7,-68,9.75
07:11:40,Node3,reply,1100.3,-66,10.5
07:11:41,Node1,reply,1100.6,-67,9.25
07:11:42,Node2,reply,1101.1,-66,9.75
07:11:44,Node3,reply,1100.3,-66,9.25
07:11:45,Node1,reply,1100.0,-67,9.75
07:11:46,Node2,reply,1100.4,-67,9.75
07:11:47,Node3,reply,1100.5,-67,10.0
07:11:49,Node1,reply,1100.0,-68,9.5
07:11:50,Node2,reply,1100.2,-67,9.75
07:11:51,Node3,reply,1100.0,-66,9.75
07:11:53,Node1,reply,1100.7,-67,10.0
07:11:54,Node2,reply,1100.9,-67,9.5
07:11:55,Node3,reply,1100.4,-65,10.0
07:11:57,Node1,reply,1100.5,-68,9.5
07:11:58,Node2,reply,1102.6,-64,9.5
07:11:59,Node3,reply,1100.5,-65,10.0
07:12:01,Node1,reply,1100.1,-66,9.5
07:12:02,Node2,reply,1100.2,-66,9.5
07:12:04,Node3,timeout,,,
07:12:05,Node1,reply,1106.6,-66,9.5
07:12:06,Node2,reply,1100.4,-65,10.0
07:12:08,Node3,reply,1100.6,-66,10.75
