timestamp,segmen,target,durasi_ms,ok,extra
2026-07-22 07:26:26,firebase_upload,detection_system/node1,205.73,1,bytes=292
2026-07-22 07:26:27,lora_link,Node2,1097.91,1,rssi=-71;snr=9.5;bytes=182
2026-07-22 07:26:27,firebase_upload,detection_system/node2,68.98,1,bytes=290
2026-07-22 07:26:28,lora_link,Node3,1098.07,1,rssi=-63;snr=9.75;bytes=182
2026-07-22 07:26:29,firebase_upload,detection_system/node3,83.12,1,bytes=291
2026-07-22 07:26:30,lora_link,Node1,1098.18,1,rssi=-69;snr=9.0;bytes=182
2026-07-22 07:26:30,firebase_upload,detection_system/node1,70.41,1,bytes=290
2026-07-22 07:26:31,lora_link,Node2,1096.77,1,rssi=-65;snr=9.5;bytes=182
2026-07-22 07:26:31,firebase_upload,detection_system/node2,72.11,1,bytes=290
2026-07-22 07:26:32,lora_link,Node3,1093.19,1,rssi=-60;snr=9.75;bytes=182
2026-07-22 07:26:32,firebase_upload,detection_system/node3,74.58,1,bytes=291
2026-07-22 07:26:34,lora_link,Node1,1093.01,1,rssi=-75;snr=8.5;bytes=182
2026-07-22 07:26:34,firebase_upload,detection_system/node1,76.96,1,bytes=290
2026-07-22 07:26:35,lora_link,Node2,1099.16,1,rssi=-71;snr=9.5;bytes=182
2026-07-22 07:26:35,firebase_upload,detection_system/node2,71.05,1,bytes=290
2026-07-22 07:26:36,lora_link,Node3,1096.98,1,rssi=-62;snr=9.75;bytes=182
2026-07-22 07:26:36,firebase_upload,detection_system/node3,74.14,1,bytes=291
2026-07-22 07:26:38,lora_link,Node1,1093.67,1,rssi=-70;snr=9.5;bytes=182
2026-07-22 07:26:38,firebase_upload,detection_system/node1,67.73,1,bytes=290
2026-07-22 07:26:39,lora_link,Node2,1100.92,1,rssi=-73;snr=9.25;bytes=182
2026-07-22 07:26:39,firebase_upload,detection_system/node2,84.39,1,bytes=291
2026-07-22 07:26:40,lora_link,Node3,1093.41,1,rssi=-61;snr=10.25;bytes=182
2026-07-22 07:26:40,firebase_upload,detection_system/node3,66.17,1,bytes=292
2026-07-22 07:26:42,lora_link,Node1,1100.87,1,rssi=-77;snr=8.25;bytes=182
2026-07-22 07:26:42,firebase_upload,detection_system/node1,72.91,1,bytes=291
2026-07-22 07:26:43,lora_link,Node2,1096.61,1,rssi=-64;snr=9.0;bytes=182
2026-07-22 07:26:43,firebase_upload,detection_system/node2,66.95,1,bytes=290
2026-07-22 07:26:45,lora_link,Node3,1501.74,0,
2026-07-22 07:26:46,lora_link,Node1,1094.68,1,rssi=-73;snr=8.75;bytes=182
2026-07-22 07:26:46,firebase_upload,detection_system/node1,69.58,1,bytes=291
2026-07-22 07:26:47,lora_link,Node2,1098.55,1,rssi=-72;snr=9.5;bytes=182
2026-07-22 07:26:47,firebase_upload,detection_system/node2,76.78,1,bytes=290
2026-07-22 07:26:49,lora_link,Node3,1098.01,1,rssi=-62;snr=10.25;bytes=182
2026-07-22 07:26:49,firebase_upload,detection_system/node3,68.86,1,bytes=292
2026-07-22 07:26:50,lora_link,Node1,1100.21,1,rssi=-70;snr=9.0;bytes=182
2026-07-22 07:26:50,firebase_upload,detection_system/node1,68.88,1,bytes=290
2026-07-22 07:26:51,lora_link,Node2,1097.40,1,rssi=-72;snr=9.5;bytes=182
2026-07-22 07:26:51,firebase_upload,detection_system/node2,71.49,1,bytes=290
2026-07-22 07:26:53,lora_link,Node3,1093.57,1,rssi=-62;snr=9.75;bytes=182
2026-07-22 07:26:53,firebase_upload,detection_system/node3,73.66,1,bytes=291
2026-07-22 07:26:54,lora_link,Node1,1100.43,1,rssi=-70;snr=9.25;bytes=182
2026-07-22 07:26:54,firebase_upload,detection_system/node1,73.54,1,bytes=291
2026-07-22 07:26:55,lora_link,Node2,1093.52,1,rssi=-72;snr=9.75;bytes=182
2026-07-22 07:26:55,firebase_upload,detection_system/node2,71.78,1,bytes=291
2026-07-22 07:26:56,lora_link,Node3,1092.14,1,rssi=-62;snr=9.5;bytes=182
2026-07-22 07:26:57,firebase_upload,detection_system/node3,68.71,1,bytes=290
2026-07-22 07:26:58,lora_link,Node1,1098.09,1,rssi=-70;snr=9.5;bytes=182
2026-07-22 07:26:58,firebase_upload,detection_system/node1,70.35,1,bytes=290
2026-07-22 07:26:59,lora_link,Node2,1093.24,1,rssi=-71;snr=9.5;bytes=182
2026-07-22 07:26:59,firebase_upload,detection_system/node2,77.94,1,bytes=290
2026-07-22 07:27:00,lora_link,Node3,1100.14,1,rssi=-62;snr=9.75;bytes=182
2026-07-22 07:27:01,firebase_upload,detection_system/node3,75.98,1,bytes=291
2026-07-22 07:27:02,lora_link,Node1,1502.99,0,
2026-07-22 07:27:03,lora_link,Node2,1094.12,1,rssi=-72;snr=9.25;bytes=182
2026-07-22 07:27:04,firebase_upload,detection_system/node2,87.51,1,bytes=292
2026-07-22 07:27:05,lora_link,Node3,1100.03,1,rssi=-62;snr=10.25;bytes=182
2026-07-22 07:27:05,firebase_upload,detection_system/node3,71.43,1,bytes=292
2026-07-22 07:27:06,lora_link,Node1,1095.24,1,rssi=-70;snr=9.25;bytes=182
2026-07-22 07:27:06,firebase_upload,detection_system/node1,73.10,1,bytes=292
2026-07-22 07:27:07,lora_link,Node2,1092.67,1,rssi=-71;snr=9.5;bytes=182
2026-07-22 07:27:07,firebase_upload,detection_system/node2,69.67,1,bytes=291
2026-07-22 07:27:09,lora_link,Node3,1098.29,1,rssi=-62;snr=10.0;bytes=182
2026-07-22 07:27:09,firebase_upload,detection_system/node3,127.64,1,bytes=292
2026-07-22 07:27:10,lora_link,Node1,1101.93,1,rssi=-70;snr=9.25;bytes=182
2026-07-22 07:27:10,firebase_upload,detection_system/node1,68.22,1,bytes=292
2026-07-22 07:27:12,lora_link,Node2,1506.88,0,
2026-07-22 07:27:13,lora_link,Node3,1099.20,1,rssi=-63;snr=9.75;bytes=182
2026-07-22 07:27:13,firebase_upload,detection_system/node3,69.65,1,bytes=292
2026-07-22 07:27:14,lora_link,Node1,1096.93,1,rssi=-71;snr=9.25;bytes=182
2026-07-22 07:27:14,firebase_upload,detection_system/node1,88.17,1,bytes=292
2026-07-22 07:27:16,lora_link,Node2,1100.49,1,rssi=-70;snr=9.25;bytes=182
2026-07-22 07:27:16,firebase_upload,detection_system/node2,69.77,1,bytes=292
2026-07-22 07:27:17,lora_link,Node3,1097.31,1,rssi=-62;snr=10.0;bytes=182
2026-07-22 07:27:17,firebase_upload,detection_system/node3,85.88,1,bytes=292
2026-07-22 07:27:18,lora_link,Node1,1100.79,1,rssi=-71;snr=9.25;bytes=182
2026-07-22 07:27:18,firebase_upload,detection_system/node1,75.17,1,bytes=292
2026-07-22 07:27:20,lora_link,Node2,1093.47,1,rssi=-72;snr=9.5;bytes=182
2026-07-22 07:27:20,firebase_upload,detection_system/node2,74.61,1,bytes=291
2026-07-22 07:27:21,lora_link,Node3,1093.36,1,rssi=-62;snr=9.5;bytes=182
2026-07-22 07:27:21,firebase_upload,detection_system/node3,70.62,1,bytes=291
2026-07-22 07:27:22,lora_link,Node1,1098.71,1,rssi=-70;snr=9.5;bytes=182
2026-07-22 07:27:22,firebase_upload,detection_system/node1,72.36,1,bytes=291
2026-07-22 07:27:24,lora_link,Node2,1092.81,1,rssi=-72;snr=9.5;bytes=182
2026-07-22 07:27:24,firebase_upload,detection_system/node2,67.29,1,bytes=291
2026-07-22 07:27:25,lora_link,Node3,1498.68,0,
2026-07-22 07:27:27,lora_link,Node1,1100.56,1,rssi=-70;snr=9.25;bytes=182
2026-07-22 07:27:27,firebase_upload,detection_system/node1,76.43,1,bytes=292
2026-07-22 07:27:28,lora_link,Node2,1100.31,1,rssi=-73;snr=9.5;bytes=182
2026-07-22 07:27:28,firebase_upload,detection_system/node2,86.18,1,bytes=291
2026-07-22 07:27:29,lora_link,Node3,1096.21,1,rssi=-63;snr=10.0;bytes=182
2026-07-22 07:27:29,firebase_upload,detection_system/node3,70.30,1,bytes=292
2026-07-22 07:27:31,lora_link,Node1,1097.06,1,rssi=-71;snr=9.0;bytes=182
2026-07-22 07:27:31,firebase_upload,detection_system/node1,70.25,1,bytes=291
2026-07-22 07:27:32,lora_link,Node2,1098.31,1,rssi=-72;snr=9.75;bytes=182
2026-07-22 07:27:32,firebase_upload,detection_system/node2,77.88,1,bytes=292
2026-07-22 07:27:33,lora_link,Node3,1099.65,1,rssi=-62;snr=10.0;bytes=182
2026-07-22 07:27:33,firebase_upload,detection_system/node3,71.21,1,bytes=292
2026-07-22 07:27:35,lora_link,Node1,1095.75,1,rssi=-70;snr=9.25;bytes=182
2026-07-22 07:27:35,firebase_upload,detection_system/node1,66.17,1,bytes=292
2026-07-22 07:27:36,lora_link,Node2,1100.58,1,rssi=-72;snr=10.25;bytes=182
2026-07-22 07:27:36,firebase_upload,detection_system/node2,66.49,1,bytes=293
2026-07-22 07:27:37,lora_link,Node3,1103.03,1,rssi=-61;snr=10.0;bytes=182
2026-07-22 07:27:37,firebase_upload,detection_system/node3,82.51,1,bytes=292
2026-07-22 07:27:38,lora_link,Node1,1094.96,1,rssi=-70;snr=9.0;bytes=182
2026-07-22 07:27:39,firebase_upload,detection_system/node1,70.00,1,bytes=291
2026-07-22 07:27:40,lora_link,Node2,1098.43,1,rssi=-73;snr=10.25;bytes=182
2026-07-22 07:27:40,firebase_upload,detection_system/node2,81.50,1,bytes=293
2026-07-22 07:27:41,lora_link,Node3,1097.36,1,rssi=-62;snr=10.0;bytes=182
2026-07-22 07:27:41,firebase_upload,detection_system/node3,67.81,1,bytes=292
2026-07-22 07:27:42,lora_link,Node1,1100.66,1,rssi=-69;snr=8.75;bytes=182
2026-07-22 07:27:43,firebase_upload,detection_system/node1,76.89,1,bytes=292
2026-07-22 07:27:44,lora_link,Node2,1099.33,1,rssi=-73;snr=9.5;bytes=182
2026-07-22 07:27:44,firebase_upload,detection_system/node2,72.99,1,bytes=291
2026-07-22 07:27:45,lora_link,Node3,1094.41,1,rssi=-62;snr=10.0;bytes=182
2026-07-22 07:27:45,firebase_upload,detection_system/node3,68.63,1,bytes=292
2026-07-22 07:27:46,lora_link,Node1,1099.89,1,rssi=-69;snr=9.0;bytes=182
2026-07-22 07:27:46,firebase_upload,detection_system/node1,72.38,1,bytes=291
2026-07-22 07:27:46,kalibrasi_compute,Node1,3.33,1,
2026-07-22 07:27:46,kalibrasi_total,Node1,80699.66,1,n_frame=20
2026-07-22 07:27:48,lora_link,Node2,1099.47,1,rssi=-73;snr=9.75;bytes=182
2026-07-22 07:27:48,firebase_upload,detection_system/node2,66.79,1,bytes=292
2026-07-22 07:27:48,kalibrasi_compute,Node2,0.51,1,
2026-07-22 07:27:48,kalibrasi_total,Node2,80687.80,1,n_frame=20
2026-07-22 07:27:49,lora_link,Node3,1099.74,1,rssi=-60;snr=9.75;bytes=182
2026-07-22 07:27:49,firebase_upload,detection_system/node3,75.19,1,bytes=292
2026-07-22 07:27:50,lora_link,Node1,1100.05,1,rssi=-67;snr=9.0;bytes=182
2026-07-22 07:27:50,firebase_upload,detection_system/node1,76.25,1,bytes=291
2026-07-22 07:27:52,lora_link,Node2,1091.82,1,rssi=-69;snr=9.5;bytes=182
2026-07-22 07:27:52,firebase_upload,detection_system/node2,91.21,1,bytes=291
2026-07-22 07:27:53,lora_link,Node3,1096.89,1,rssi=-60;snr=9.75;bytes=182
2026-07-22 07:27:53,firebase_upload,detection_system/node3,82.61,1,bytes=292
2026-07-22 07:27:53,kalibrasi_compute,Node3,0.48,1,
2026-07-22 07:27:53,kalibrasi_total,Node3,84678.31,1,n_frame=20
2026-07-22 07:27:54,lora_link,Node1,1092.01,1,rssi=-68;snr=9.25;bytes=182
2026-07-22 07:27:54,firebase_upload,detection_system/node1,72.24,1,bytes=292
2026-07-22 07:27:56,lora_link,Node2,1095.50,1,rssi=-69;snr=9.75;bytes=182
2026-07-22 07:27:56,firebase_upload,detection_system/node2,84.66,1,bytes=292
2026-07-22 07:27:57,lora_link,Node3,1100.28,1,rssi=-59;snr=9.75;bytes=182
2026-07-22 07:27:57,firebase_upload,detection_system/node3,73.14,1,bytes=292
2026-07-22 07:27:58,lora_link,Node1,1098.60,1,rssi=-68;snr=9.0;bytes=182
2026-07-22 07:27:58,firebase_upload,detection_system/node1,80.62,1,bytes=291
2026-07-22 07:28:00,lora_link,Node2,1098.06,1,rssi=-69;snr=9.75;bytes=182
2026-07-22 07:28:00,firebase_upload,detection_system/node2,77.70,1,bytes=292
2026-07-22 07:28:01,lora_link,Node3,1100.65,1,rssi=-61;snr=9.75;bytes=182
2026-07-22 07:28:01,firebase_upload,detection_system/node3,70.18,1,bytes=292
2026-07-22 07:28:02,lora_link,Node1,1097.60,1,rssi=-68;snr=9.25;bytes=182
2026-07-22 07:28:02,firebase_upload,detection_system/node1,79.10,1,bytes=292
2026-07-22 07:28:04,lora_link,Node2,1100.75,1,rssi=-69;snr=9.5;bytes=182
2026-07-22 07:28:04,firebase_upload,detection_system/node2,74.75,1,bytes=291
2026-07-22 07:28:05,lora_link,Node3,1093.68,1,rssi=-60;snr=9.25;bytes=182
2026-07-22 07:28:05,firebase_upload,detection_system/node3,87.52,1,bytes=292
2026-07-22 07:28:06,lora_link,Node1,1100.63,1,rssi=-68;snr=10.0;bytes=182
2026-07-22 07:28:06,firebase_upload,detection_system/node1,75.52,1,bytes=292
2026-07-22 07:28:06,decision,Node1,0.04,1,pred=0
2026-07-22 07:28:06,firebase_upload,detection_system/node1,68.05,1,bytes=128
2026-07-22 07:28:06,firebase_upload,Timeseries/Node1,81.65,1,bytes=58
2026-07-22 07:28:06,gw_total_frame,Node1,230.52,1,
2026-07-22 07:28:08,lora_link,Node2,1085.66,1,rssi=-69;snr=9.75;bytes=182
2026-07-22 07:28:08,firebase_upload,detection_system/node2,68.12,1,bytes=292
2026-07-22 07:28:08,decision,Node2,0.06,1,pred=0
2026-07-22 07:28:08,firebase_upload,detection_system/node2,73.43,1,bytes=128
2026-07-22 07:28:08,firebase_upload,Timeseries/Node2,64.02,1,bytes=58
2026-07-22 07:28:08,gw_total_frame,Node2,210.29,1,
2026-07-22 07:28:09,lora_link,Node3,1095.35,1,rssi=-60;snr=9.5;bytes=182
2026-07-22 07:28:09,firebase_upload,detection_system/node3,66.22,1,bytes=291
2026-07-22 07:28:10,lora_link,Node1,1100.71,1,rssi=-69;snr=9.25;bytes=182
2026-07-22 07:28:10,firebase_upload,detection_system/node1,69.15,1,bytes=292
2026-07-22 07:28:11,lora_link,Node2,1098.10,1,rssi=-68;snr=10.0;bytes=182
2026-07-22 07:28:12,firebase_upload,detection_system/node2,78.24,1,bytes=292
2026-07-22 07:28:13,lora_link,Node3,1100.29,1,rssi=-60;snr=9.75;bytes=182
2026-07-22 07:28:13,firebase_upload,detection_system/node3,71.72,1,bytes=292
2026-07-22 07:28:13,decision,Node3,0.04,1,pred=0
2026-07-22 07:28:13,firebase_upload,detection_system/node3,68.81,1,bytes=128
2026-07-22 07:28:13,firebase_upload,Timeseries/Node3,72.90,1,bytes=58
2026-07-22 07:28:13,gw_total_frame,Node3,220.32,1,
2026-07-22 07:28:14,lora_link,Node1,1095.44,1,rssi=-71;snr=9.0;bytes=182
2026-07-22 07:28:14,firebase_upload,detection_system/node1,75.64,1,bytes=291
2026-07-22 07:28:14,decision,Node1,0.05,1,pred=0
2026-07-22 07:28:14,firebase_upload,detection_system/node1,73.36,1,bytes=128
2026-07-22 07:28:14,firebase_upload,Timeseries/Node1,66.42,1,bytes=58
2026-07-22 07:28:14,gw_total_frame,Node1,220.36,1,
2026-07-22 07:28:15,lora_link,Node2,1096.03,1,rssi=-66;snr=9.75;bytes=182
2026-07-22 07:28:16,firebase_upload,detection_system/node2,68.81,1,bytes=292
2026-07-22 07:28:16,decision,Node2,0.04,1,pred=0
2026-07-22 07:28:16,firebase_upload,detection_system/node2,66.61,1,bytes=128
2026-07-22 07:28:16,firebase_upload,Timeseries/Node2,80.56,1,bytes=58
2026-07-22 07:28:16,gw_total_frame,Node2,221.72,1,
2026-07-22 07:28:17,lora_link,Node3,1492.95,0,
2026-07-22 07:28:18,lora_link,Node1,1100.54,1,rssi=-70;snr=9.0;bytes=182
2026-07-22 07:28:19,firebase_upload,detection_system/node1,78.50,1,bytes=291
2026-07-22 07:28:20,lora_link,Node2,1097.39,1,rssi=-70;snr=10.0;bytes=182
2026-07-22 07:28:20,firebase_upload,detection_system/node2,75.23,1,bytes=292
2026-07-22 07:28:21,lora_link,Node3,1100.73,1,rssi=-62;snr=10.25;bytes=182
2026-07-22 07:28:21,firebase_upload,detection_system/node3,75.90,1,bytes=293
2026-07-22 07:28:22,lora_link,Node1,1102.77,1,rssi=-69;snr=9.25;bytes=182
2026-07-22 07:28:22,firebase_upload,detection_system/node1,67.37,1,bytes=292
2026-07-22 07:28:22,decision,Node1,0.04,1,pred=0
2026-07-22 07:28:23,firebase_upload,detection_system/node1,79.19,1,bytes=128
2026-07-22 07:28:23,firebase_upload,Timeseries/Node1,79.44,1,bytes=58
2026-07-22 07:28:23,gw_total_frame,Node1,235.28,1,
2026-07-22 07:28:24,lora_link,Node2,1079.94,1,rssi=-71;snr=9.5;bytes=182
2026-07-22 07:28:24,firebase_upload,detection_system/node2,73.43,1,bytes=291
2026-07-22 07:28:24,decision,Node2,0.05,1,pred=0
2026-07-22 07:28:24,firebase_upload,detection_system/node2,68.87,1,bytes=128
2026-07-22 07:28:24,firebase_upload,Timeseries/Node2,68.47,1,bytes=58
2026-07-22 07:28:24,gw_total_frame,Node2,216.01,1,
2026-07-22 07:28:25,lora_link,Node3,1099.09,1,rssi=-61;snr=9.5;bytes=182
2026-07-22 07:28:25,firebase_upload,detection_system/node3,70.84,1,bytes=291
2026-07-22 07:28:25,decision,Node3,0.03,1,pred=0
2026-07-22 07:28:25,firebase_upload,detection_system/node3,85.12,1,bytes=128
2026-07-22 07:28:25,firebase_upload,Timeseries/Node3,74.03,1,bytes=58
2026-07-22 07:28:25,gw_total_frame,Node3,234.63,1,
2026-07-22 07:28:26,lora_link,Node1,1082.19,1,rssi=-70;snr=9.0;bytes=182
2026-07-22 07:28:26,firebase_upload,detection_system/node1,74.26,1,bytes=291
2026-07-22 07:28:28,lora_link,Node2,1100.46,1,rssi=-70;snr=9.75;bytes=182
2026-07-22 07:28:28,firebase_upload,detection_system/node2,66.16,1,bytes=292
2026-07-22 07:28:29,lora_link,Node3,1093.32,1,rssi=-62;snr=9.5;bytes=182
2026-07-22 07:28:29,firebase_upload,detection_system/node3,81.55,1,bytes=291
2026-07-22 07:28:30,lora_link,Node1,1096.03,1,rssi=-70;snr=9.25;bytes=182
2026-07-22 07:28:30,firebase_upload,detection_system/node1,74.18,1,bytes=292
2026-07-22 07:28:30,decision,Node1,0.06,1,pred=0
2026-07-22 07:28:30,firebase_upload,detection_system/node1,73.52,1,bytes=128
2026-07-22 07:28:31,firebase_upload,Timeseries/Node1,74.40,1,bytes=58
2026-07-22 07:28:31,gw_total_frame,Node1,227.33,1,
2026-07-22 07:28:32,lora_link,Node2,1088.48,1,rssi=-71;snr=9.5;bytes=182
2026-07-22 07:28:32,firebase_upload,detection_system/node2,69.34,1,bytes=291
2026-07-22 07:28:32,decision,Node2,0.04,1,pred=0
2026-07-22 07:28:32,firebase_upload,detection_system/node2,75.02,1,bytes=128
2026-07-22 07:28:32,firebase_upload,Timeseries/Node2,67.53,1,bytes=58
2026-07-22 07:28:32,gw_total_frame,Node2,216.77,1,
2026-07-22 07:28:33,lora_link,Node3,1098.70,1,rssi=-61;snr=9.75;bytes=182
2026-07-22 07:28:33,firebase_upload,detection_system/node3,70.06,1,bytes=292
2026-07-22 07:28:33,decision,Node3,0.05,1,pred=0
2026-07-22 07:28:33,firebase_upload,detection_system/node3,65.97,1,bytes=128
2026-07-22 07:28:33,firebase_upload,Timeseries/Node3,70.91,1,bytes=58
2026-07-22 07:28:33,gw_total_frame,Node3,212.22,1,
2026-07-22 07:28:34,lora_link,Node1,1093.38,1,rssi=-70;snr=9.25;bytes=182
2026-07-22 07:28:34,firebase_upload,detection_system/node1,72.40,1,bytes=292
2026-07-22 07:28:36,lora_link,Node2,1100.47,1,rssi=-72;snr=9.5;bytes=182
2026-07-22 07:28:36,firebase_upload,detection_system/node2,69.04,1,bytes=291
2026-07-22 07:28:37,lora_link,Node3,1098.90,1,rssi=-62;snr=9.75;bytes=182
2026-07-22 07:28:37,firebase_upload,detection_system/node3,77.36,1,bytes=292
2026-07-22 07:28:38,lora_link,Node1,1099.60,1,rssi=-69;snr=9.0;bytes=182
2026-07-22 07:28:38,firebase_upload,detection_system/node1,74.41,1,bytes=291
2026-07-22 07:28:38,decision,Node1,0.04,1,pred=0
2026-07-22 07:28:38,firebase_upload,detection_system/node1,78.09,1,bytes=128
2026-07-22 07:28:38,firebase_upload,Timeseries/Node1,72.85,1,bytes=58
2026-07-22 07:28:38,gw_total_frame,Node1,229.65,1,
2026-07-22 07:28:40,lora_link,Node2,1492.59,0,
2026-07-22 07:28:41,lora_link,Node3,1100.12,1,rssi=-61;snr=10.25;bytes=182
2026-07-22 07:28:41,firebase_upload,detection_system/node3,65.24,1,bytes=293
2026-07-22 07:28:41,decision,Node3,0.07,1,pred=0
2026-07-22 07:28:41,firebase_upload,detection_system/node3,67.01,1,bytes=128
2026-07-22 07:28:41,firebase_upload,Timeseries/Node3,66.51,1,bytes=58
2026-07-22 07:28:41,gw_total_frame,Node3,204.79,1,
2026-07-22 07:28:43,lora_link,Node1,1099.61,1,rssi=-70;snr=9.25;bytes=182
2026-07-22 07:28:43,firebase_upload,detection_system/node1,67.73,1,bytes=292
2026-07-22 07:28:44,lora_link,Node2,1098.60,1,rssi=-70;snr=10.25;bytes=182
2026-07-22 07:28:44,firebase_upload,detection_system/node2,72.91,1,bytes=293
2026-07-22 07:28:44,decision,Node2,0.09,1,pred=0
2026-07-22 07:28:44,firebase_upload,detection_system/node2,72.26,1,bytes=128
2026-07-22 07:28:44,firebase_upload,Timeseries/Node2,84.94,1,bytes=58
2026-07-22 07:28:44,gw_total_frame,Node2,236.17,1,
2026-07-22 07:28:45,lora_link,Node3,1080.02,1,rssi=-62;snr=9.5;bytes=182
2026-07-22 07:28:45,firebase_upload,detection_system/node3,71.71,1,bytes=291
2026-07-22 07:28:47,lora_link,Node1,1095.24,1,rssi=-70;snr=9.0;bytes=182
2026-07-22 07:28:47,firebase_upload,detection_system/node1,72.19,1,bytes=291
2026-07-22 07:28:47,decision,Node1,0.04,1,pred=0
2026-07-22 07:28:47,firebase_upload,detection_system/node1,73.81,1,bytes=128
2026-07-22 07:28:47,firebase_upload,Timeseries/Node1,97.75,1,bytes=58
2026-07-22 07:28:47,gw_total_frame,Node1,247.66,1,
2026-07-22 07:28:48,lora_link,Node2,1069.02,1,rssi=-71;snr=9.5;bytes=182
2026-07-22 07:28:48,firebase_upload,detection_system/node2,72.87,1,bytes=291
2026-07-22 07:28:49,lora_link,Node3,1091.82,1,rssi=-62;snr=12.25;bytes=182
2026-07-22 07:28:49,firebase_upload,detection_system/node3,71.89,1,bytes=293
2026-07-22 07:28:49,decision,Node3,0.09,1,pred=0
2026-07-22 07:28:49,firebase_upload,detection_system/node3,70.02,1,bytes=128
2026-07-22 07:28:49,firebase_upload,Timeseries/Node3,81.71,1,bytes=58
2026-07-22 07:28:49,gw_total_frame,Node3,230.10,1,
2026-07-22 07:28:50,lora_link,Node1,1086.31,1,rssi=-70;snr=9.0;bytes=182
2026-07-22 07:28:51,firebase_upload,detection_system/node1,79.56,1,bytes=291
2026-07-22 07:28:52,lora_link,Node2,1096.35,1,rssi=-70;snr=9.5;bytes=182
2026-07-22 07:28:52,firebase_upload,detection_system/node2,82.88,1,bytes=291
2026-07-22 07:28:52,decision,Node2,0.05,1,pred=0
2026-07-22 07:28:52,firebase_upload,detection_system/node2,65.37,1,bytes=128
2026-07-22 07:28:52,firebase_upload,Timeseries/Node2,71.22,1,bytes=58
2026-07-22 07:28:52,gw_total_frame,Node2,225.83,1,
2026-07-22 07:28:53,lora_link,Node3,1088.87,1,rssi=-62;snr=9.75;bytes=182
2026-07-22 07:28:53,firebase_upload,detection_system/node3,91.01,1,bytes=292
2026-07-22 07:28:54,lora_link,Node1,1097.71,1,rssi=-70;snr=9.5;bytes=182
2026-07-22 07:28:55,firebase_upload,detection_system/node1,88.89,1,bytes=291
2026-07-22 07:28:55,decision,Node1,0.04,1,pred=0
2026-07-22 07:28:55,firebase_upload,detection_system/node1,70.26,1,bytes=128
2026-07-22 07:28:55,firebase_upload,Timeseries/Node1,72.85,1,bytes=58
2026-07-22 07:28:55,gw_total_frame,Node1,236.58,1,
2026-07-22 07:28:56,lora_link,Node2,1079.87,1,rssi=-70;snr=9.75;bytes=182
2026-07-22 07:28:56,firebase_upload,detection_system/node2,71.66,1,bytes=292
2026-07-22 07:28:57,lora_link,Node3,1098.06,1,rssi=-61;snr=9.75;bytes=182
2026-07-22 07:28:57,firebase_upload,detection_system/node3,81.20,1,bytes=292
2026-07-22 07:28:57,decision,Node3,0.04,1,pred=0
2026-07-22 07:28:57,firebase_upload,detection_system/node3,73.91,1,bytes=128
2026-07-22 07:28:57,firebase_upload,Timeseries/Node3,75.15,1,bytes=58
2026-07-22 07:28:57,gw_total_frame,Node3,235.61,1,
2026-07-22 07:28:58,lora_link,Node1,1080.53,1,rssi=-70;snr=9.25;bytes=182
2026-07-22 07:28:58,firebase_upload,detection_system/node1,73.88,1,bytes=292
2026-07-22 07:29:00,lora_link,Node2,1092.72,1,rssi=-70;snr=9.75;bytes=182
2026-07-22 07:29:00,firebase_upload,detection_system/node2,73.87,1,bytes=292
2026-07-22 07:29:00,decision,Node2,0.03,1,pred=0
2026-07-22 07:29:00,firebase_upload,detection_system/node2,71.06,1,bytes=128
2026-07-22 07:29:00,firebase_upload,Timeseries/Node2,69.61,1,bytes=58
2026-07-22 07:29:00,gw_total_frame,Node2,218.87,1,
2026-07-22 07:29:01,lora_link,Node3,1097.01,1,rssi=-61;snr=10.0;bytes=182
2026-07-22 07:29:01,firebase_upload,detection_system/node3,76.73,1,bytes=292
2026-07-22 07:29:02,lora_link,Node1,1097.48,1,rssi=-70;snr=9.25;bytes=182
2026-07-22 07:29:02,firebase_upload,detection_system/node1,77.17,1,bytes=292
2026-07-22 07:29:02,decision,Node1,0.08,1,pred=0
2026-07-22 07:29:03,firebase_upload,detection_system/node1,93.30,1,bytes=128
2026-07-22 07:29:03,firebase_upload,Timeseries/Node1,75.06,1,bytes=58
2026-07-22 07:29:03,gw_total_frame,Node1,252.16,1,
2026-07-22 07:29:04,lora_link,Node2,1063.69,1,rssi=-71;snr=9.25;bytes=182
2026-07-22 07:29:04,firebase_upload,detection_system/node2,73.48,1,bytes=292
2026-07-22 07:29:05,lora_link,Node3,1093.81,1,rssi=-62;snr=10.25;bytes=182
2026-07-22 07:29:05,firebase_upload,detection_system/node3,73.01,1,bytes=293
2026-07-22 07:29:05,decision,Node3,0.04,1,pred=0
2026-07-22 07:29:05,firebase_upload,detection_system/node3,74.29,1,bytes=128
2026-07-22 07:29:05,firebase_upload,Timeseries/Node3,76.08,1,bytes=58
2026-07-22 07:29:05,gw_total_frame,Node3,228.78,1,
2026-07-22 07:29:06,lora_link,Node1,1087.37,1,rssi=-70;snr=9.25;bytes=182
2026-07-22 07:29:06,firebase_upload,detection_system/node1,79.32,1,bytes=292
2026-07-22 07:29:08,lora_link,Node2,1098.08,1,rssi=-70;snr=9.0;bytes=182
2026-07-22 07:29:08,firebase_upload,detection_system/node2,79.34,1,bytes=291
2026-07-22 07:29:08,decision,Node2,0.06,1,pred=0
2026-07-22 07:29:08,firebase_upload,detection_system/node2,78.58,1,bytes=128
2026-07-22 07:29:08,firebase_upload,Timeseries/Node2,69.34,1,bytes=58
2026-07-22 07:29:08,gw_total_frame,Node2,232.59,1,
2026-07-22 07:29:09,lora_link,Node3,1082.20,1,rssi=-61;snr=10.25;bytes=182
2026-07-22 07:29:09,firebase_upload,detection_system/node3,67.86,1,bytes=293
2026-07-22 07:29:10,lora_link,Node1,1100.44,1,rssi=-71;snr=9.0;bytes=182
2026-07-22 07:29:10,firebase_upload,detection_system/node1,70.47,1,bytes=291
2026-07-22 07:29:10,decision,Node1,0.09,1,pred=0
2026-07-22 07:29:10,firebase_upload,detection_system/node1,65.66,1,bytes=128
2026-07-22 07:29:10,firebase_upload,Timeseries/Node1,66.15,1,bytes=58
2026-07-22 07:29:10,gw_total_frame,Node1,208.38,1,
2026-07-22 07:29:12,lora_link,Node2,1095.93,1,rssi=-70;snr=9.75;bytes=182
2026-07-22 07:29:12,firebase_upload,detection_system/node2,75.15,1,bytes=292
2026-07-22 07:29:13,lora_link,Node3,1101.21,1,rssi=-62;snr=9.75;bytes=182
2026-07-22 07:29:13,firebase_upload,detection_system/node3,85.42,1,bytes=292
2026-07-22 07:29:13,decision,Node3,0.04,1,pred=0
2026-07-22 07:29:13,firebase_upload,detection_system/node3,68.82,1,bytes=128
2026-07-22 07:29:13,firebase_upload,Timeseries/Node3,73.15,1,bytes=58
2026-07-22 07:29:13,gw_total_frame,Node3,231.66,1,
2026-07-22 07:29:14,lora_link,Node1,1084.29,1,rssi=-70;snr=9.25;bytes=182
2026-07-22 07:29:14,firebase_upload,detection_system/node1,75.69,1,bytes=292
2026-07-22 07:29:16,lora_link,Node2,1100.44,1,rssi=-70;snr=10.0;bytes=182
2026-07-22 07:29:16,firebase_upload,detection_system/node2,77.52,1,bytes=292
2026-07-22 07:29:16,decision,Node2,0.06,1,pred=0
2026-07-22 07:29:16,firebase_upload,detection_system/node2,69.69,1,bytes=128
2026-07-22 07:29:16,firebase_upload,Timeseries/Node2,81.30,1,bytes=58
2026-07-22 07:29:16,gw_total_frame,Node2,234.13,1,
2026-07-22 07:29:17,lora_link,Node3,1081.57,1,rssi=-63;snr=9.75;bytes=182
2026-07-22 07:29:17,firebase_upload,detection_system/node3,77.75,1,bytes=292
2026-07-22 07:29:18,lora_link,Node1,1098.59,1,rssi=-70;snr=9.25;bytes=182
2026-07-22 07:29:18,firebase_upload,detection_system/node1,77.68,1,bytes=292
2026-07-22 07:29:18,decision,Node1,0.06,1,pred=0
2026-07-22 07:29:18,firebase_upload,detection_system/node1,69.99,1,bytes=128
2026-07-22 07:29:18,firebase_upload,Timeseries/Node1,66.21,1,bytes=58
2026-07-22 07:29:18,gw_total_frame,Node1,219.01,1,
2026-07-22 07:29:19,lora_link,Node2,1097.64,1,rssi=-68;snr=9.75;bytes=182
2026-07-22 07:29:20,firebase_upload,detection_system/node2,81.22,1,bytes=292
2026-07-22 07:29:21,lora_link,Node3,1095.56,1,rssi=-62;snr=10.0;bytes=182
2026-07-22 07:29:21,firebase_upload,detection_system/node3,78.73,1,bytes=292
2026-07-22 07:29:21,decision,Node3,0.05,1,pred=0
2026-07-22 07:29:21,firebase_upload,detection_system/node3,73.58,1,bytes=128
2026-07-22 07:29:21,firebase_upload,Timeseries/Node3,72.49,1,bytes=58
2026-07-22 07:29:21,gw_total_frame,Node3,230.63,1,
2026-07-22 07:29:22,lora_link,Node1,1085.00,1,rssi=-70;snr=9.0;bytes=182
2026-07-22 07:29:22,firebase_upload,detection_system/node1,85.59,1,bytes=291
2026-07-22 07:29:23,lora_link,Node2,1100.78,1,rssi=-68;snr=10.0;bytes=182
2026-07-22 07:29:24,firebase_upload,detection_system/node2,68.90,1,bytes=292
2026-07-22 07:29:24,decision,Node2,0.03,1,pred=0
2026-07-22 07:29:24,firebase_upload,detection_system/node2,72.06,1,bytes=128
2026-07-22 07:29:24,firebase_upload,Timeseries/Node2,70.29,1,bytes=58
2026-07-22 07:29:24,gw_total_frame,Node2,215.54,1,
2026-07-22 07:29:25,lora_link,Node3,1098.97,1,rssi=-63;snr=9.25;bytes=182
2026-07-22 07:29:25,firebase_upload,detection_system/node3,75.99,1,bytes=292
2026-07-22 07:29:26,lora_link,Node1,1099.34,1,rssi=-70;snr=8.75;bytes=182
2026-07-22 07:29:26,firebase_upload,detection_system/node1,77.10,1,bytes=292
2026-07-22 07:29:26,decision,Node1,0.04,1,pred=0
2026-07-22 07:29:26,firebase_upload,detection_system/node1,92.63,1,bytes=128
2026-07-22 07:29:26,firebase_upload,Timeseries/Node1,74.87,1,bytes=58
2026-07-22 07:29:26,gw_total_frame,Node1,248.88,1,
2026-07-22 07:29:27,lora_link,Node2,1067.72,1,rssi=-69;snr=9.75;bytes=182
2026-07-22 07:29:27,firebase_upload,detection_system/node2,70.35,1,bytes=292
2026-07-22 07:29:29,lora_link,Node3,1097.99,1,rssi=-59;snr=9.75;bytes=182
2026-07-22 07:29:29,firebase_upload,detection_system/node3,75.60,1,bytes=292
2026-07-22 07:29:29,decision,Node3,0.03,1,pred=0
2026-07-22 07:29:29,firebase_upload,detection_system/node3,71.64,1,bytes=128
2026-07-22 07:29:29,firebase_upload,Timeseries/Node3,79.31,1,bytes=58
2026-07-22 07:29:29,gw_total_frame,Node3,230.81,1,
2026-07-22 07:29:30,lora_link,Node1,1085.30,1,rssi=-70;snr=9.0;bytes=182
2026-07-22 07:29:30,firebase_upload,detection_system/node1,81.09,1,bytes=291
2026-07-22 07:29:31,lora_link,Node2,1096.44,1,rssi=-64;snr=9.5;bytes=182
2026-07-22 07:29:31,firebase_upload,detection_system/node2,78.31,1,bytes=291
2026-07-22 07:29:31,decision,Node2,0.09,1,pred=0
2026-07-22 07:29:32,firebase_upload,detection_system/node2,69.79,1,bytes=128
2026-07-22 07:29:32,firebase_upload,Timeseries/Node2,77.32,1,bytes=58
2026-07-22 07:29:32,gw_total_frame,Node2,232.72,1,
2026-07-22 07:29:33,lora_link,Node3,1083.10,1,rssi=-63;snr=9.75;bytes=182
2026-07-22 07:29:33,firebase_upload,detection_system/node3,92.19,1,bytes=292
2026-07-22 07:29:34,lora_link,Node1,1095.97,1,rssi=-68;snr=9.75;bytes=182
2026-07-22 07:29:34,firebase_upload,detection_system/node1,73.59,1,bytes=292
2026-07-22 07:29:34,decision,Node1,0.03,1,pred=0
2026-07-22 07:29:34,firebase_upload,detection_system/node1,75.80,1,bytes=128
2026-07-22 07:29:34,firebase_upload,Timeseries/Node1,76.38,1,bytes=58
2026-07-22 07:29:34,gw_total_frame,Node1,230.47,1,
2026-07-22 07:29:35,lora_link,Node2,1085.96,1,rssi=-70;snr=9.0;bytes=182
2026-07-22 07:29:35,firebase_upload,detection_system/node2,86.68,1,bytes=291
2026-07-22 07:29:37,lora_link,Node3,1100.65,1,rssi=-62;snr=10.25;bytes=182
2026-07-22 07:29:37,firebase_upload,detection_system/node3,68.05,1,bytes=293
2026-07-22 07:29:37,decision,Node3,0.06,1,pred=0
2026-07-22 07:29:37,firebase_upload,detection_system/node3,100.40,1,bytes=128
2026-07-22 07:29:37,firebase_upload,Timeseries/Node3,85.35,1,bytes=58
2026-07-22 07:29:37,gw_total_frame,Node3,262.41,1,
2026-07-22 07:29:38,lora_link,Node1,1052.74,1,rssi=-69;snr=9.5;bytes=182
2026-07-22 07:29:38,firebase_upload,detection_system/node1,75.45,1,bytes=291
2026-07-22 07:29:39,lora_link,Node2,1101.16,1,rssi=-70;snr=9.75;bytes=182
2026-07-22 07:29:39,firebase_upload,detection_system/node2,68.74,1,bytes=292
2026-07-22 07:29:39,decision,Node2,0.06,1,pred=0
2026-07-22 07:29:39,firebase_upload,detection_system/node2,71.47,1,bytes=128
2026-07-22 07:29:39,firebase_upload,Timeseries/Node2,70.31,1,bytes=58
2026-07-22 07:29:39,gw_total_frame,Node2,215.29,1,
2026-07-22 07:29:41,lora_link,Node3,1100.66,1,rssi=-61;snr=9.75;bytes=182
2026-07-22 07:29:41,firebase_upload,detection_system/node3,74.47,1,bytes=292
2026-07-22 07:29:42,lora_link,Node1,1091.84,1,rssi=-67;snr=9.75;bytes=182
2026-07-22 07:29:42,firebase_upload,detection_system/node1,70.73,1,bytes=292
2026-07-22 07:29:42,decision,Node1,0.11,1,pred=0
2026-07-22 07:29:42,firebase_upload,detection_system/node1,74.58,1,bytes=128
2026-07-22 07:29:42,firebase_upload,Timeseries/Node1,66.02,1,bytes=58
2026-07-22 07:29:42,gw_total_frame,Node1,218.47,1,
2026-07-22 07:29:43,lora_link,Node2,1097.33,1,rssi=-70;snr=9.75;bytes=182
2026-07-22 07:29:43,firebase_upload,detection_system/node2,71.49,1,bytes=292
2026-07-22 07:29:45,lora_link,Node3,1095.03,1,rssi=-62;snr=9.5;bytes=182
2026-07-22 07:29:45,firebase_upload,detection_system/node3,68.41,1,bytes=291
2026-07-22 07:29:45,decision,Node3,0.05,1,pred=0
2026-07-22 07:29:45,firebase_upload,detection_system/node3,80.53,1,bytes=128
2026-07-22 07:29:45,firebase_upload,Timeseries/Node3,92.40,1,bytes=58
2026-07-22 07:29:45,gw_total_frame,Node3,246.69,1,
2026-07-22 07:29:46,lora_link,Node1,1069.80,1,rssi=-68;snr=9.5;bytes=182
2026-07-22 07:29:46,firebase_upload,detection_system/node1,75.77,1,bytes=291
2026-07-22 07:29:47,lora_link,Node2,1100.68,1,rssi=-70;snr=9.25;bytes=182
2026-07-22 07:29:47,firebase_upload,detection_system/node2,72.25,1,bytes=292
2026-07-22 07:29:47,decision,Node2,0.10,1,pred=0
2026-07-22 07:29:47,firebase_upload,detection_system/node2,74.12,1,bytes=128
2026-07-22 07:29:47,firebase_upload,Timeseries/Node2,76.38,1,bytes=58
2026-07-22 07:29:47,gw_total_frame,Node2,229.16,1,
2026-07-22 07:29:49,lora_link,Node3,1086.90,1,rssi=-62;snr=9.75;bytes=182
2026-07-22 07:29:49,firebase_upload,detection_system/node3,75.53,1,bytes=292
2026-07-22 07:29:50,lora_link,Node1,1102.54,1,rssi=-69;snr=9.0;bytes=182
2026-07-22 07:29:50,firebase_upload,detection_system/node1,71.03,1,bytes=291
2026-07-22 07:29:50,decision,Node1,0.08,1,pred=0
2026-07-22 07:29:50,firebase_upload,detection_system/node1,70.46,1,bytes=128
2026-07-22 07:29:50,firebase_upload,Timeseries/Node1,65.47,1,bytes=58
2026-07-22 07:29:50,gw_total_frame,Node1,212.75,1,
2026-07-22 07:29:51,lora_link,Node2,1093.08,1,rssi=-72;snr=9.25;bytes=182
2026-07-22 07:29:51,firebase_upload,detection_system/node2,73.02,1,bytes=292
2026-07-22 07:29:52,lora_link,Node3,1093.37,1,rssi=-62;snr=9.75;bytes=182
2026-07-22 07:29:53,firebase_upload,detection_system/node3,74.90,1,bytes=292
2026-07-22 07:29:53,decision,Node3,0.09,1,pred=0
2026-07-22 07:29:53,firebase_upload,detection_system/node3,72.11,1,bytes=128
2026-07-22 07:29:53,firebase_upload,Timeseries/Node3,83.06,1,bytes=58
2026-07-22 07:29:53,gw_total_frame,Node3,235.88,1,
2026-07-22 07:29:54,lora_link,Node1,1080.47,1,rssi=-68;snr=9.75;bytes=182
2026-07-22 07:29:54,firebase_upload,detection_system/node1,72.03,1,bytes=292
2026-07-22 07:29:55,lora_link,Node2,1095.69,1,rssi=-72;snr=9.5;bytes=182
2026-07-22 07:29:55,firebase_upload,detection_system/node2,65.16,1,bytes=291
2026-07-22 07:29:55,decision,Node2,0.09,1,pred=0
2026-07-22 07:29:55,firebase_upload,detection_system/node2,69.29,1,bytes=128
2026-07-22 07:29:55,firebase_upload,Timeseries/Node2,70.26,1,bytes=58
2026-07-22 07:29:55,gw_total_frame,Node2,210.78,1,
2026-07-22 07:29:56,lora_link,Node3,1093.69,1,rssi=-63;snr=9.5;bytes=182
2026-07-22 07:29:57,firebase_upload,detection_system/node3,82.16,1,bytes=291
2026-07-22 07:29:58,lora_link,Node1,1094.63,1,rssi=-67;snr=9.25;bytes=182
2026-07-22 07:29:58,firebase_upload,detection_system/node1,73.51,1,bytes=292
2026-07-22 07:29:58,decision,Node1,0.09,1,pred=0
2026-07-22 07:29:58,firebase_upload,detection_system/node1,81.59,1,bytes=128
2026-07-22 07:29:58,firebase_upload,Timeseries/Node1,83.60,1,bytes=58
2026-07-22 07:29:58,gw_total_frame,Node1,245.31,1,
2026-07-22 07:29:59,lora_link,Node2,1069.87,1,rssi=-71;snr=9.75;bytes=182
2026-07-22 07:29:59,firebase_upload,detection_system/node2,69.93,1,bytes=292
2026-07-22 07:30:00,lora_link,Node3,1099.52,1,rssi=-61;snr=9.5;bytes=182
2026-07-22 07:30:00,firebase_upload,detection_system/node3,73.64,1,bytes=291
2026-07-22 07:30:00,decision,Node3,0.04,1,pred=0
2026-07-22 07:30:01,firebase_upload,detection_system/node3,83.72,1,bytes=128
2026-07-22 07:30:01,firebase_upload,Timeseries/Node3,77.22,1,bytes=58
2026-07-22 07:30:01,gw_total_frame,Node3,238.58,1,
2026-07-22 07:30:02,lora_link,Node1,1076.98,1,rssi=-68;snr=9.5;bytes=182
2026-07-22 07:30:02,firebase_upload,detection_system/node1,69.53,1,bytes=291
2026-07-22 07:30:03,lora_link,Node2,1097.62,1,rssi=-70;snr=9.25;bytes=182
2026-07-22 07:30:03,firebase_upload,detection_system/node2,75.10,1,bytes=292
2026-07-22 07:30:03,decision,Node2,0.09,1,pred=0
2026-07-22 07:30:03,firebase_upload,detection_system/node2,69.18,1,bytes=128
2026-07-22 07:30:03,firebase_upload,Timeseries/Node2,66.97,1,bytes=58
2026-07-22 07:30:03,gw_total_frame,Node2,218.83,1,
2026-07-22 07:30:04,lora_link,Node3,1096.26,1,rssi=-62;snr=9.5;bytes=182
2026-07-22 07:30:04,firebase_upload,detection_system/node3,69.25,1,bytes=291
2026-07-22 07:30:06,lora_link,Node1,1099.90,1,rssi=-69;snr=9.25;bytes=182
2026-07-22 07:30:06,firebase_upload,detection_system/node1,85.21,1,bytes=292
2026-07-22 07:30:06,decision,Node1,0.03,1,pred=0
2026-07-22 07:30:06,firebase_upload,detection_system/node1,78.38,1,bytes=128
2026-07-22 07:30:06,firebase_upload,Timeseries/Node1,74.97,1,bytes=58
2026-07-22 07:30:06,gw_total_frame,Node1,242.74,1,
2026-07-22 07:30:07,lora_link,Node2,1073.78,1,rssi=-67;snr=9.75;bytes=182
2026-07-22 07:30:07,firebase_upload,detection_system/node2,83.83,1,bytes=292
2026-07-22 07:30:08,lora_link,Node3,1094.47,1,rssi=-62;snr=9.5;bytes=182
2026-07-22 07:30:08,firebase_upload,detection_system/node3,81.38,1,bytes=291
2026-07-22 07:30:08,decision,Node3,0.07,1,pred=0
2026-07-22 07:30:08,firebase_upload,detection_system/node3,72.78,1,bytes=128
2026-07-22 07:30:09,firebase_upload,Timeseries/Node3,68.64,1,bytes=58
2026-07-22 07:30:09,gw_total_frame,Node3,227.87,1,
2026-07-22 07:30:10,lora_link,Node1,1096.82,1,rssi=-69;snr=9.5;bytes=182
2026-07-22 07:30:10,firebase_upload,detection_system/node1,65.37,1,bytes=291
2026-07-22 07:30:11,lora_link,Node2,1101.26,1,rssi=-68;snr=9.5;bytes=182
2026-07-22 07:30:11,firebase_upload,detection_system/node2,76.09,1,bytes=291
2026-07-22 07:30:11,decision,Node2,0.08,1,pred=0
2026-07-22 07:30:11,firebase_upload,detection_system/node2,68.58,1,bytes=128
2026-07-22 07:30:11,firebase_upload,Timeseries/Node2,76.93,1,bytes=58
2026-07-22 07:30:11,gw_total_frame,Node2,227.85,1,
2026-07-22 07:30:12,lora_link,Node3,1087.95,1,rssi=-60;snr=9.5;bytes=182
2026-07-22 07:30:12,firebase_upload,detection_system/node3,73.16,1,bytes=291
2026-07-22 07:30:14,lora_link,Node1,1100.96,1,rssi=-69;snr=9.25;bytes=182
2026-07-22 07:30:14,firebase_upload,detection_system/node1,73.72,1,bytes=292
2026-07-22 07:30:14,decision,Node1,0.05,1,pred=0
2026-07-22 07:30:14,firebase_upload,detection_system/node1,72.21,1,bytes=128
2026-07-22 07:30:14,firebase_upload,Timeseries/Node1,82.63,1,bytes=58
2026-07-22 07:30:14,gw_total_frame,Node1,233.59,1,
2026-07-22 07:30:15,lora_link,Node2,1083.97,1,rssi=-67;snr=10.0;bytes=182
2026-07-22 07:30:15,firebase_upload,detection_system/node2,80.88,1,bytes=292
2026-07-22 07:30:16,lora_link,Node3,1095.52,1,rssi=-61;snr=9.75;bytes=182
2026-07-22 07:30:16,firebase_upload,detection_system/node3,81.90,1,bytes=292
2026-07-22 07:30:16,decision,Node3,0.03,1,pred=0
2026-07-22 07:30:16,firebase_upload,detection_system/node3,85.56,1,bytes=128
2026-07-22 07:30:17,firebase_upload,Timeseries/Node3,65.07,1,bytes=58
2026-07-22 07:30:17,gw_total_frame,Node3,237.21,1,
2026-07-22 07:30:18,lora_link,Node1,1078.52,1,rssi=-69;snr=10.5;bytes=182
2026-07-22 07:30:18,firebase_upload,detection_system/node1,89.07,1,bytes=292
2026-07-22 07:30:19,lora_link,Node2,1099.12,1,rssi=-67;snr=11.75;bytes=182
2026-07-22 07:30:19,firebase_upload,detection_system/node2,76.86,1,bytes=293
2026-07-22 07:30:19,decision,Node2,0.06,1,pred=0
2026-07-22 07:30:19,firebase_upload,detection_system/node2,82.42,1,bytes=128
2026-07-22 07:30:19,firebase_upload,Timeseries/Node2,81.39,1,bytes=58
2026-07-22 07:30:19,gw_total_frame,Node2,245.64,1,
2026-07-22 07:30:20,lora_link,Node3,1069.75,1,rssi=-60;snr=10.0;bytes=182
2026-07-22 07:30:20,firebase_upload,detection_system/node3,78.54,1,bytes=292
2026-07-22 07:30:22,lora_link,Node1,1097.57,1,rssi=-70;snr=9.75;bytes=182
2026-07-22 07:30:22,firebase_upload,detection_system/node1,79.72,1,bytes=292
2026-07-22 07:30:22,decision,Node1,0.09,1,pred=0
2026-07-22 07:30:22,firebase_upload,detection_system/node1,85.87,1,bytes=128
2026-07-22 07:30:22,firebase_upload,Timeseries/Node1,68.87,1,bytes=58
2026-07-22 07:30:22,gw_total_frame,Node1,240.82,1,
2026-07-22 07:30:23,lora_link,Node2,1075.22,1,rssi=-66;snr=9.75;bytes=182
2026-07-22 07:30:23,firebase_upload,detection_system/node2,70.39,1,bytes=292
2026-07-22 07:30:24,lora_link,Node3,1097.28,1,rssi=-61;snr=9.5;bytes=182
2026-07-22 07:30:24,firebase_upload,detection_system/node3,79.09,1,bytes=291
2026-07-22 07:30:24,decision,Node3,0.04,1,pred=0
2026-07-22 07:30:24,firebase_upload,detection_system/node3,77.18,1,bytes=128
2026-07-22 07:30:24,firebase_upload,Timeseries/Node3,78.82,1,bytes=58
2026-07-22 07:30:24,gw_total_frame,Node3,264.88,1,
2026-07-22 07:30:26,lora_link,Node1,1050.70,1,rssi=-70;snr=9.25;bytes=182
2026-07-22 07:30:26,firebase_upload,detection_system/node1,76.28,1,bytes=292
2026-07-22 07:30:27,lora_link,Node2,1100.78,1,rssi=-67;snr=9.75;bytes=182
2026-07-22 07:30:27,firebase_upload,detection_system/node2,81.33,1,bytes=292
2026-07-22 07:30:27,decision,Node2,0.06,1,pred=0
2026-07-22 07:30:27,firebase_upload,detection_system/node2,66.83,1,bytes=128
2026-07-22 07:30:27,firebase_upload,Timeseries/Node2,73.58,1,bytes=58
2026-07-22 07:30:27,gw_total_frame,Node2,227.77,1,
2026-07-22 07:30:28,lora_link,Node3,1097.12,1,rssi=-61;snr=9.75;bytes=182
2026-07-22 07:30:28,firebase_upload,detection_system/node3,69.08,1,bytes=292
2026-07-22 07:30:29,lora_link,Node1,1098.99,1,rssi=-71;snr=9.0;bytes=182
2026-07-22 07:30:30,firebase_upload,detection_system/node1,66.58,1,bytes=291
2026-07-22 07:30:30,decision,Node1,0.04,1,pred=0
2026-07-22 07:30:30,firebase_upload,detection_system/node1,83.10,1,bytes=128
2026-07-22 07:30:30,firebase_upload,Timeseries/Node1,69.16,1,bytes=58
2026-07-22 07:30:30,gw_total_frame,Node1,222.81,1,
2026-07-22 07:30:31,lora_link,Node2,1093.47,1,rssi=-67;snr=9.5;bytes=182
2026-07-22 07:30:31,firebase_upload,detection_system/node2,70.72,1,bytes=291
2026-07-22 07:30:32,lora_link,Node3,1096.65,1,rssi=-62;snr=9.25;bytes=182
2026-07-22 07:30:32,firebase_upload,detection_system/node3,70.63,1,bytes=292
2026-07-22 07:30:32,decision,Node3,0.02,1,pred=0
2026-07-22 07:30:32,firebase_upload,detection_system/node3,68.27,1,bytes=128
2026-07-22 07:30:32,firebase_upload,Timeseries/Node3,67.24,1,bytes=58
2026-07-22 07:30:32,gw_total_frame,Node3,209.95,1,
2026-07-22 07:30:33,lora_link,Node1,1095.67,1,rssi=-71;snr=9.0;bytes=182
2026-07-22 07:30:34,firebase_upload,detection_system/node1,69.87,1,bytes=291
2026-07-22 07:30:35,lora_link,Node2,1097.64,1,rssi=-70;snr=9.5;bytes=182
2026-07-22 07:30:35,firebase_upload,detection_system/node2,81.88,1,bytes=291
2026-07-22 07:30:35,decision,Node2,0.03,1,pred=0
2026-07-22 07:30:35,firebase_upload,detection_system/node2,81.88,1,bytes=128
2026-07-22 07:30:35,firebase_upload,Timeseries/Node2,75.71,1,bytes=58
2026-07-22 07:30:35,gw_total_frame,Node2,245.22,1,
2026-07-22 07:30:36,lora_link,Node3,1072.64,1,rssi=-61;snr=9.75;bytes=182
2026-07-22 07:30:36,firebase_upload,detection_system/node3,79.10,1,bytes=292
2026-07-22 07:30:37,lora_link,Node1,1098.28,1,rssi=-70;snr=9.0;bytes=182
2026-07-22 07:30:37,firebase_upload,detection_system/node1,74.24,1,bytes=291
2026-07-22 07:30:37,decision,Node1,0.03,1,pred=0
2026-07-22 07:30:38,firebase_upload,detection_system/node1,72.97,1,bytes=128
2026-07-22 07:30:38,firebase_upload,Timeseries/Node1,77.04,1,bytes=58
2026-07-22 07:30:38,gw_total_frame,Node1,228.71,1,
2026-07-22 07:30:39,lora_link,Node2,1087.26,1,rssi=-69;snr=9.25;bytes=182
2026-07-22 07:30:39,firebase_upload,detection_system/node2,75.01,1,bytes=292
2026-07-22 07:30:40,lora_link,Node3,1092.53,1,rssi=-61;snr=9.75;bytes=182
2026-07-22 07:30:40,firebase_upload,detection_system/node3,71.90,1,bytes=292
2026-07-22 07:30:40,decision,Node3,0.06,1,pred=0
2026-07-22 07:30:40,firebase_upload,detection_system/node3,72.29,1,bytes=128
2026-07-22 07:30:40,firebase_upload,Timeseries/Node3,71.78,1,bytes=58
2026-07-22 07:30:40,gw_total_frame,Node3,220.46,1,
2026-07-22 07:30:41,lora_link,Node1,1095.97,1,rssi=-69;snr=9.0;bytes=182
2026-07-22 07:30:41,firebase_upload,detection_system/node1,71.90,1,bytes=291
2026-07-22 07:30:43,lora_link,Node2,1095.64,1,rssi=-69;snr=9.75;bytes=182
2026-07-22 07:30:43,firebase_upload,detection_system/node2,75.11,1,bytes=292
2026-07-22 07:30:43,decision,Node2,0.02,1,pred=0
2026-07-22 07:30:43,firebase_upload,detection_system/node2,76.48,1,bytes=128
2026-07-22 07:30:43,firebase_upload,Timeseries/Node2,78.91,1,bytes=58
2026-07-22 07:30:43,gw_total_frame,Node2,235.04,1,
2026-07-22 07:30:44,lora_link,Node3,1080.57,1,rssi=-61;snr=10.0;bytes=182
2026-07-22 07:30:44,firebase_upload,detection_system/node3,66.72,1,bytes=292
2026-07-22 07:30:45,lora_link,Node1,1100.55,1,rssi=-69;snr=9.0;bytes=182
2026-07-22 07:30:45,firebase_upload,detection_system/node1,67.76,1,bytes=291
2026-07-22 07:30:45,decision,Node1,0.02,1,pred=0
2026-07-22 07:30:45,firebase_upload,detection_system/node1,68.04,1,bytes=128
2026-07-22 07:30:46,firebase_upload,Timeseries/Node1,71.13,1,bytes=58
2026-07-22 07:30:46,gw_total_frame,Node1,211.29,1,
2026-07-22 07:30:47,lora_link,Node2,1094.27,1,rssi=-69;snr=9.25;bytes=182
2026-07-22 07:30:47,firebase_upload,detection_system/node2,68.22,1,bytes=292
2026-07-22 07:30:48,lora_link,Node3,1098.96,1,rssi=-61;snr=9.5;bytes=182
2026-07-22 07:30:48,firebase_upload,detection_system/node3,77.33,1,bytes=291
2026-07-22 07:30:48,decision,Node3,0.07,1,pred=0
2026-07-22 07:30:48,firebase_upload,detection_system/node3,71.96,1,bytes=128
2026-07-22 07:30:48,firebase_upload,Timeseries/Node3,66.05,1,bytes=58
2026-07-22 07:30:48,gw_total_frame,Node3,220.47,1,
2026-07-22 07:30:49,lora_link,Node1,1094.05,1,rssi=-69;snr=9.25;bytes=182
2026-07-22 07:30:49,firebase_upload,detection_system/node1,72.27,1,bytes=292
2026-07-22 07:30:51,lora_link,Node2,1094.75,1,rssi=-68;snr=10.0;bytes=182
2026-07-22 07:30:51,firebase_upload,detection_system/node2,67.17,1,bytes=292
2026-07-22 07:30:51,decision,Node2,0.02,1,pred=0
2026-07-22 07:30:51,firebase_upload,detection_system/node2,89.83,1,bytes=128
2026-07-22 07:30:51,firebase_upload,Timeseries/Node2,72.11,1,bytes=58
2026-07-22 07:30:51,gw_total_frame,Node2,233.24,1,
2026-07-22 07:30:52,lora_link,Node3,1082.71,1,rssi=-60;snr=9.5;bytes=182
2026-07-22 07:30:52,firebase_upload,detection_system/node3,78.35,1,bytes=291
2026-07-22 07:30:53,lora_link,Node1,1100.87,1,rssi=-69;snr=9.25;bytes=182
2026-07-22 07:30:53,firebase_upload,detection_system/node1,73.39,1,bytes=292
2026-07-22 07:30:53,decision,Node1,0.05,1,pred=0
2026-07-22 07:30:53,firebase_upload,detection_system/node1,70.30,1,bytes=128
2026-07-22 07:30:53,firebase_upload,Timeseries/Node1,71.57,1,bytes=58
2026-07-22 07:30:53,gw_total_frame,Node1,219.94,1,
2026-07-22 07:30:55,lora_link,Node2,1096.70,1,rssi=-67;snr=9.75;bytes=182
2026-07-22 07:30:55,firebase_upload,detection_system/node2,71.60,1,bytes=292
2026-07-22 07:30:56,lora_link,Node3,1096.43,1,rssi=-59;snr=9.75;bytes=182
2026-07-22 07:30:56,firebase_upload,detection_system/node3,67.80,1,bytes=292
2026-07-22 07:30:56,decision,Node3,0.03,1,pred=0
2026-07-22 07:30:56,firebase_upload,detection_system/node3,72.58,1,bytes=128
2026-07-22 07:30:56,firebase_upload,Timeseries/Node3,65.08,1,bytes=58
2026-07-22 07:30:56,gw_total_frame,Node3,209.59,1,
2026-07-22 07:30:57,lora_link,Node1,1098.69,1,rssi=-69;snr=9.5;bytes=182
2026-07-22 07:30:57,firebase_upload,detection_system/node1,92.91,1,bytes=291
2026-07-22 07:30:59,lora_link,Node2,1095.70,1,rssi=-66;snr=9.75;bytes=182
2026-07-22 07:30:59,firebase_upload,detection_system/node2,81.67,1,bytes=292
2026-07-22 07:30:59,decision,Node2,0.03,1,pred=0
2026-07-22 07:30:59,firebase_upload,detection_system/node2,67.07,1,bytes=128
2026-07-22 07:30:59,firebase_upload,Timeseries/Node2,71.36,1,bytes=58
2026-07-22 07:30:59,gw_total_frame,Node2,224.82,1,
2026-07-22 07:31:00,lora_link,Node3,1089.63,1,rssi=-61;snr=9.5;bytes=182
2026-07-22 07:31:00,firebase_upload,detection_system/node3,77.78,1,bytes=291
2026-07-22 07:31:01,lora_link,Node1,1098.61,1,rssi=-70;snr=9.0;bytes=182
2026-07-22 07:31:01,firebase_upload,detection_system/node1,92.09,1,bytes=291
2026-07-22 07:31:01,decision,Node1,0.06,1,pred=0
2026-07-22 07:31:01,firebase_upload,detection_system/node1,73.22,1,bytes=128
2026-07-22 07:31:01,firebase_upload,Timeseries/Node1,67.59,1,bytes=58
2026-07-22 07:31:01,gw_total_frame,Node1,237.29,1,
2026-07-22 07:31:02,lora_link,Node2,1078.96,1,rssi=-66;snr=10.0;bytes=182
2026-07-22 07:31:03,firebase_upload,detection_system/node2,66.60,1,bytes=292
2026-07-22 07:31:04,lora_link,Node3,1100.59,1,rssi=-59;snr=10.25;bytes=182
2026-07-22 07:31:04,firebase_upload,detection_system/node3,70.07,1,bytes=293
2026-07-22 07:31:04,decision,Node3,0.03,1,pred=0
2026-07-22 07:31:04,firebase_upload,detection_system/node3,70.43,1,bytes=128
2026-07-22 07:31:04,firebase_upload,Timeseries/Node3,74.34,1,bytes=58
2026-07-22 07:31:04,gw_total_frame,Node3,219.30,1,
2026-07-22 07:31:05,lora_link,Node1,1097.37,1,rssi=-69;snr=8.75;bytes=182
2026-07-22 07:31:05,firebase_upload,detection_system/node1,72.48,1,bytes=292
2026-07-22 07:31:06,lora_link,Node2,1092.87,1,rssi=-69;snr=9.75;bytes=182
2026-07-22 07:31:07,firebase_upload,detection_system/node2,94.03,1,bytes=292
2026-07-22 07:31:07,decision,Node2,0.06,1,pred=0
2026-07-22 07:31:07,firebase_upload,detection_system/node2,69.37,1,bytes=128
2026-07-22 07:31:07,firebase_upload,Timeseries/Node2,66.37,1,bytes=58
2026-07-22 07:31:07,gw_total_frame,Node2,235.56,1,
2026-07-22 07:31:08,lora_link,Node3,1080.09,1,rssi=-60;snr=10.0;bytes=182
2026-07-22 07:31:08,firebase_upload,detection_system/node3,72.01,1,bytes=292
2026-07-22 07:31:09,lora_link,Node1,1095.77,1,rssi=-71;snr=9.25;bytes=182
2026-07-22 07:31:09,firebase_upload,detection_system/node1,67.56,1,bytes=292
2026-07-22 07:31:09,decision,Node1,0.06,1,pred=0
2026-07-22 07:31:09,firebase_upload,detection_system/node1,64.25,1,bytes=128
2026-07-22 07:31:09,firebase_upload,Timeseries/Node1,74.28,1,bytes=58
2026-07-22 07:31:09,gw_total_frame,Node1,211.57,1,
2026-07-22 07:31:10,lora_link,Node2,1100.97,1,rssi=-67;snr=9.5;bytes=182
2026-07-22 07:31:10,firebase_upload,detection_system/node2,73.69,1,bytes=291
2026-07-22 07:31:12,lora_link,Node3,1100.22,1,rssi=-60;snr=9.75;bytes=182
2026-07-22 07:31:12,firebase_upload,detection_system/node3,77.21,1,bytes=292
2026-07-22 07:31:12,decision,Node3,0.07,1,pred=0
2026-07-22 07:31:12,firebase_upload,detection_system/node3,100.36,1,bytes=128
2026-07-22 07:31:12,firebase_upload,Timeseries/Node3,66.45,1,bytes=58
2026-07-22 07:31:12,gw_total_frame,Node3,249.39,1,
2026-07-22 07:31:13,lora_link,Node1,1066.96,1,rssi=-70;snr=9.0;bytes=182
2026-07-22 07:31:13,firebase_upload,detection_system/node1,73.36,1,bytes=291
2026-07-22 07:31:15,lora_link,Node2,1504.88,0,
2026-07-22 07:31:16,lora_link,Node3,1096.56,1,rssi=-62;snr=10.0;bytes=182
2026-07-22 07:31:16,firebase_upload,detection_system/node3,74.78,1,bytes=292
2026-07-22 07:31:17,lora_link,Node1,1092.29,1,rssi=-69;snr=9.0;bytes=182
2026-07-22 07:31:17,firebase_upload,detection_system/node1,79.21,1,bytes=291
2026-07-22 07:31:17,decision,Node1,0.03,1,pred=0
2026-07-22 07:31:17,firebase_upload,detection_system/node1,68.05,1,bytes=128
2026-07-22 07:31:18,firebase_upload,Timeseries/Node1,65.09,1,bytes=58
2026-07-22 07:31:18,gw_total_frame,Node1,216.08,1,
2026-07-22 07:31:19,lora_link,Node2,1100.40,1,rssi=-68;snr=10.0;bytes=182
2026-07-22 07:31:19,firebase_upload,detection_system/node2,71.90,1,bytes=292
2026-07-22 07:31:19,decision,Node2,0.04,1,pred=0
2026-07-22 07:31:19,firebase_upload,detection_system/node2,68.67,1,bytes=128
2026-07-22 07:31:19,firebase_upload,Timeseries/Node2,68.37,1,bytes=58
2026-07-22 07:31:19,gw_total_frame,Node2,214.60,1,
2026-07-22 07:31:20,lora_link,Node3,1100.69,1,rssi=-60;snr=10.25;bytes=182
2026-07-22 07:31:20,firebase_upload,detection_system/node3,69.61,1,bytes=293
2026-07-22 07:31:20,decision,Node3,0.02,1,pred=0
2026-07-22 07:31:20,firebase_upload,detection_system/node3,72.01,1,bytes=128
2026-07-22 07:31:20,firebase_upload,Timeseries/Node3,78.46,1,bytes=58
2026-07-22 07:31:20,gw_total_frame,Node3,225.15,1,
2026-07-22 07:31:21,lora_link,Node1,1092.31,1,rssi=-69;snr=9.5;bytes=182
2026-07-22 07:31:21,firebase_upload,detection_system/node1,77.40,1,bytes=291
2026-07-22 07:31:23,lora_link,Node2,1100.78,1,rssi=-67;snr=10.0;bytes=182
2026-07-22 07:31:23,firebase_upload,detection_system/node2,74.73,1,bytes=292
2026-07-22 07:31:24,lora_link,Node3,1094.09,1,rssi=-59;snr=9.75;bytes=182
2026-07-22 07:31:24,firebase_upload,detection_system/node3,78.87,1,bytes=292
2026-07-22 07:31:25,lora_link,Node1,1100.77,1,rssi=-69;snr=9.0;bytes=182
2026-07-22 07:31:25,firebase_upload,detection_system/node1,93.72,1,bytes=291
2026-07-22 07:31:25,decision,Node1,0.03,1,pred=0
2026-07-22 07:31:25,firebase_upload,detection_system/node1,74.07,1,bytes=128
2026-07-22 07:31:26,firebase_upload,Timeseries/Node1,69.43,1,bytes=58
2026-07-22 07:31:26,gw_total_frame,Node1,242.28,1,
2026-07-22 07:31:27,lora_link,Node2,1072.79,1,rssi=-66;snr=9.5;bytes=182
2026-07-22 07:31:27,firebase_upload,detection_system/node2,76.05,1,bytes=291
2026-07-22 07:31:27,decision,Node2,0.02,1,pred=0
2026-07-22 07:31:27,firebase_upload,detection_system/node2,67.30,1,bytes=128
2026-07-22 07:31:27,firebase_upload,Timeseries/Node2,75.74,1,bytes=58
2026-07-22 07:31:27,gw_total_frame,Node2,224.38,1,
2026-07-22 07:31:28,lora_link,Node3,1090.95,1,rssi=-60;snr=9.75;bytes=182
2026-07-22 07:31:28,firebase_upload,detection_system/node3,70.92,1,bytes=292
2026-07-22 07:31:28,decision,Node3,0.05,1,pred=0
2026-07-22 07:31:28,firebase_upload,detection_system/node3,72.10,1,bytes=128
2026-07-22 07:31:28,firebase_upload,Timeseries/Node3,67.26,1,bytes=58
2026-07-22 07:31:28,gw_total_frame,Node3,215.73,1,
2026-07-22 07:31:29,lora_link,Node1,1100.09,1,rssi=-70;snr=9.25;bytes=182
2026-07-22 07:31:29,firebase_upload,detection_system/node1,72.59,1,bytes=292
2026-07-22 07:31:31,lora_link,Node2,1094.47,1,rssi=-66;snr=9.5;bytes=182
2026-07-22 07:31:31,firebase_upload,detection_system/node2,88.91,1,bytes=291
2026-07-22 07:31:32,lora_link,Node3,1099.95,1,rssi=-60;snr=9.25;bytes=182
2026-07-22 07:31:32,firebase_upload,detection_system/node3,67.99,1,bytes=292
2026-07-22 07:31:33,lora_link,Node1,1099.28,1,rssi=-70;snr=9.5;bytes=182
2026-07-22 07:31:33,firebase_upload,detection_system/node1,74.15,1,bytes=291
2026-07-22 07:31:33,decision,Node1,0.07,1,pred=0
2026-07-22 07:31:33,firebase_upload,detection_system/node1,70.76,1,bytes=128
2026-07-22 07:31:33,firebase_upload,Timeseries/Node1,68.50,1,bytes=58
2026-07-22 07:31:33,gw_total_frame,Node1,219.12,1,
2026-07-22 07:31:35,lora_link,Node2,1096.22,1,rssi=-68;snr=9.75;bytes=182
2026-07-22 07:31:35,firebase_upload,detection_system/node2,92.36,1,bytes=292
2026-07-22 07:31:35,decision,Node2,0.07,1,pred=0
2026-07-22 07:31:35,firebase_upload,detection_system/node2,69.74,1,bytes=128
2026-07-22 07:31:35,firebase_upload,Timeseries/Node2,66.97,1,bytes=58
2026-07-22 07:31:35,gw_total_frame,Node2,233.49,1,
2026-07-22 07:31:36,lora_link,Node3,1081.01,1,rssi=-60;snr=9.5;bytes=182
2026-07-22 07:31:36,firebase_upload,detection_system/node3,98.42,1,bytes=291
2026-07-22 07:31:36,decision,Node3,0.05,1,pred=0
2026-07-22 07:31:36,firebase_upload,detection_system/node3,71.24,1,bytes=128
2026-07-22 07:31:36,firebase_upload,Timeseries/Node3,70.68,1,bytes=58
2026-07-22 07:31:36,gw_total_frame,Node3,244.63,1,
2026-07-22 07:31:37,lora_link,Node1,1071.49,1,rssi=-70;snr=9.25;bytes=182
2026-07-22 07:31:37,firebase_upload,detection_system/node1,77.96,1,bytes=292
2026-07-22 07:31:38,lora_link,Node2,1100.58,1,rssi=-67;snr=10.0;bytes=182
2026-07-22 07:31:39,firebase_upload,detection_system/node2,68.41,1,bytes=292
2026-07-22 07:31:40,lora_link,Node3,1099.13,1,rssi=-61;snr=9.75;bytes=182
2026-07-22 07:31:40,firebase_upload,detection_system/node3,66.46,1,bytes=292
2026-07-22 07:31:41,lora_link,Node1,1097.43,1,rssi=-70;snr=9.25;bytes=182
2026-07-22 07:31:41,firebase_upload,detection_system/node1,72.84,1,bytes=292
2026-07-22 07:31:41,decision,Node1,0.08,1,pred=0
2026-07-22 07:31:41,firebase_upload,detection_system/node1,72.22,1,bytes=128
2026-07-22 07:31:41,firebase_upload,Timeseries/Node1,66.14,1,bytes=58
2026-07-22 07:31:41,gw_total_frame,Node1,217.76,1,
2026-07-22 07:31:42,lora_link,Node2,1099.85,1,rssi=-66;snr=9.75;bytes=182
2026-07-22 07:31:42,firebase_upload,detection_system/node2,72.10,1,bytes=292
2026-07-22 07:31:42,decision,Node2,0.03,1,pred=0
2026-07-22 07:31:43,firebase_upload,detection_system/node2,73.84,1,bytes=128
2026-07-22 07:31:43,firebase_upload,Timeseries/Node2,75.35,1,bytes=58
2026-07-22 07:31:43,gw_total_frame,Node2,225.78,1,
2026-07-22 07:31:44,lora_link,Node3,1089.42,1,rssi=-60;snr=9.75;bytes=182
2026-07-22 07:31:44,firebase_upload,detection_system/node3,65.21,1,bytes=292
2026-07-22 07:31:44,decision,Node3,0.03,1,pred=0
2026-07-22 07:31:44,firebase_upload,detection_system/node3,68.64,1,bytes=128
2026-07-22 07:31:44,firebase_upload,Timeseries/Node3,85.49,1,bytes=58
2026-07-22 07:31:44,gw_total_frame,Node3,224.03,1,
2026-07-22 07:31:45,lora_link,Node1,1092.11,1,rssi=-70;snr=9.25;bytes=182
2026-07-22 07:31:45,firebase_upload,detection_system/node1,72.04,1,bytes=292
2026-07-22 07:31:47,lora_link,Node2,1500.86,0,
2026-07-22 07:31:48,lora_link,Node3,1093.07,1,rssi=-60;snr=9.75;bytes=182
2026-07-22 07:31:48,firebase_upload,detection_system/node3,76.23,1,bytes=292
2026-07-22 07:31:49,lora_link,Node1,1100.78,1,rssi=-70;snr=9.5;bytes=182
2026-07-22 07:31:49,firebase_upload,detection_system/node1,81.88,1,bytes=291
2026-07-22 07:31:49,decision,Node1,0.08,1,pred=0
2026-07-22 07:31:50,firebase_upload,detection_system/node1,73.62,1,bytes=128
2026-07-22 07:31:50,firebase_upload,Timeseries/Node1,74.00,1,bytes=58
2026-07-22 07:31:50,gw_total_frame,Node1,235.51,1,
2026-07-22 07:31:51,lora_link,Node2,1080.50,1,rssi=-67;snr=9.75;bytes=182
2026-07-22 07:31:51,firebase_upload,detection_system/node2,77.21,1,bytes=292
2026-07-22 07:31:52,lora_link,Node3,1099.05,1,rssi=-60;snr=9.75;bytes=182
2026-07-22 07:31:52,firebase_upload,detection_system/node3,75.93,1,bytes=292
2026-07-22 07:31:52,decision,Node3,0.04,1,pred=0
2026-07-22 07:31:52,firebase_upload,detection_system/node3,70.57,1,bytes=128
2026-07-22 07:31:52,firebase_upload,Timeseries/Node3,72.84,1,bytes=58
2026-07-22 07:31:52,gw_total_frame,Node3,223.88,1,
2026-07-22 07:31:53,lora_link,Node1,1092.19,1,rssi=-70;snr=9.75;bytes=182
2026-07-22 07:31:53,firebase_upload,detection_system/node1,78.05,1,bytes=292
2026-07-22 07:31:55,lora_link,Node2,1098.98,1,rssi=-66;snr=9.75;bytes=182
2026-07-22 07:31:55,firebase_upload,detection_system/node2,73.79,1,bytes=292
2026-07-22 07:31:55,decision,Node2,0.07,1,pred=0
2026-07-22 07:31:55,firebase_upload,detection_system/node2,67.10,1,bytes=128
2026-07-22 07:31:55,firebase_upload,Timeseries/Node2,67.65,1,bytes=58
2026-07-22 07:31:55,gw_total_frame,Node2,214.55,1,
2026-07-22 07:31:56,lora_link,Node3,1100.63,1,rssi=-60;snr=9.75;bytes=182
2026-07-22 07:31:56,firebase_upload,detection_system/node3,71.35,1,bytes=292
2026-07-22 07:31:57,lora_link,Node1,1096.98,1,rssi=-70;snr=10.0;bytes=182
2026-07-22 07:31:57,firebase_upload,detection_system/node1,68.73,1,bytes=292
2026-07-22 07:31:57,decision,Node1,0.04,1,pred=0
2026-07-22 07:31:57,firebase_upload,detection_system/node1,73.96,1,bytes=128
2026-07-22 07:31:57,firebase_upload,Timeseries/Node1,77.03,1,bytes=58
2026-07-22 07:31:58,gw_total_frame,Node1,223.91,1,
2026-07-22 07:31:59,lora_link,Node2,1101.04,1,rssi=-66;snr=10.0;bytes=182
2026-07-22 07:31:59,firebase_upload,detection_system/node2,93.90,1,bytes=292
2026-07-22 07:32:00,lora_link,Node3,1095.29,1,rssi=-59;snr=10.0;bytes=182
2026-07-22 07:32:00,firebase_upload,detection_system/node3,72.51,1,bytes=292
2026-07-22 07:32:00,decision,Node3,0.09,1,pred=0
2026-07-22 07:32:00,firebase_upload,detection_system/node3,69.45,1,bytes=128
2026-07-22 07:32:00,firebase_upload,Timeseries/Node3,82.38,1,bytes=58
2026-07-22 07:32:00,gw_total_frame,Node3,231.25,1,
2026-07-22 07:32:01,lora_link,Node1,1084.96,1,rssi=-71;snr=9.0;bytes=182
2026-07-22 07:32:01,firebase_upload,detection_system/node1,72.74,1,bytes=291
2026-07-22 07:32:03,lora_link,Node2,1094.70,1,rssi=-65;snr=9.75;bytes=182
2026-07-22 07:32:03,firebase_upload,detection_system/node2,78.01,1,bytes=292
2026-07-22 07:32:03,decision,Node2,0.06,1,pred=0
2026-07-22 07:32:03,firebase_upload,detection_system/node2,70.58,1,bytes=128
2026-07-22 07:32:03,firebase_upload,Timeseries/Node2,81.07,1,bytes=58
2026-07-22 07:32:03,gw_total_frame,Node2,234.09,1,
2026-07-22 07:32:04,lora_link,Node3,1082.35,1,rssi=-60;snr=9.25;bytes=182
2026-07-22 07:32:04,firebase_upload,detection_system/node3,71.29,1,bytes=292
2026-07-22 07:32:05,lora_link,Node1,1096.46,1,rssi=-70;snr=9.0;bytes=182
2026-07-22 07:32:05,firebase_upload,detection_system/node1,91.42,1,bytes=291
2026-07-22 07:32:05,decision,Node1,0.03,1,pred=0
2026-07-22 07:32:05,firebase_upload,detection_system/node1,75.84,1,bytes=128
2026-07-22 07:32:05,firebase_upload,Timeseries/Node1,90.18,1,bytes=58
2026-07-22 07:32:05,gw_total_frame,Node1,262.33,1,
2026-07-22 07:32:07,lora_link,Node2,1055.78,1,rssi=-65;snr=9.5;bytes=182
2026-07-22 07:32:07,firebase_upload,detection_system/node2,85.50,1,bytes=291
2026-07-22 07:32:08,lora_link,Node3,1094.07,1,rssi=-60;snr=10.0;bytes=182
2026-07-22 07:32:08,firebase_upload,detection_system/node3,69.72,1,bytes=292
2026-07-22 07:32:08,decision,Node3,0.03,1,pred=0
2026-07-22 07:32:08,firebase_upload,detection_system/node3,74.61,1,bytes=128
2026-07-22 07:32:08,firebase_upload,Timeseries/Node3,64.00,1,bytes=58
2026-07-22 07:32:08,gw_total_frame,Node3,213.09,1,
2026-07-22 07:32:09,lora_link,Node1,1100.86,1,rssi=-70;snr=9.5;bytes=182
2026-07-22 07:32:09,firebase_upload,detection_system/node1,68.41,1,bytes=291
2026-07-22 07:32:10,lora_link,Node2,1099.79,1,rssi=-66;snr=9.75;bytes=182
2026-07-22 07:32:11,firebase_upload,detection_system/node2,69.76,1,bytes=292
2026-07-22 07:32:11,decision,Node2,0.05,1,pred=0
2026-07-22 07:32:11,firebase_upload,detection_system/node2,68.68,1,bytes=128
2026-07-22 07:32:11,firebase_upload,Timeseries/Node2,65.29,1,bytes=58
2026-07-22 07:32:11,gw_total_frame,Node2,210.16,1,
2026-07-22 07:32:12,lora_link,Node3,1094.12,1,rssi=-60;snr=9.75;bytes=182
2026-07-22 07:32:12,firebase_upload,detection_system/node3,73.11,1,bytes=292
2026-07-22 07:32:13,lora_link,Node1,1093.15,1,rssi=-70;snr=9.25;bytes=182
2026-07-22 07:32:13,firebase_upload,detection_system/node1,86.47,1,bytes=292
2026-07-22 07:32:13,decision,Node1,0.03,1,pred=0
2026-07-22 07:32:13,firebase_upload,detection_system/node1,70.38,1,bytes=128
2026-07-22 07:32:13,firebase_upload,Timeseries/Node1,72.72,1,bytes=58
2026-07-22 07:32:13,gw_total_frame,Node1,234.74,1,
2026-07-22 07:32:14,lora_link,Node2,1081.98,1,rssi=-66;snr=10.25;bytes=182
2026-07-22 07:32:15,firebase_upload,detection_system/node2,75.39,1,bytes=293
2026-07-22 07:32:16,lora_link,Node3,1091.99,1,rssi=-59;snr=10.0;bytes=182
2026-07-22 07:32:16,firebase_upload,detection_system/node3,70.88,1,bytes=292
2026-07-22 07:32:16,decision,Node3,0.05,1,pred=0
2026-07-22 07:32:16,firebase_upload,detection_system/node3,84.07,1,bytes=128
2026-07-22 07:32:16,firebase_upload,Timeseries/Node3,66.88,1,bytes=58
2026-07-22 07:32:16,gw_total_frame,Node3,226.20,1,
2026-07-22 07:32:17,lora_link,Node1,1089.79,1,rssi=-70;snr=9.25;bytes=182
2026-07-22 07:32:17,firebase_upload,detection_system/node1,76.81,1,bytes=292
2026-07-22 07:32:18,lora_link,Node2,1100.71,1,rssi=-65;snr=9.75;bytes=182
2026-07-22 07:32:18,firebase_upload,detection_system/node2,69.35,1,bytes=292
2026-07-22 07:32:18,decision,Node2,0.06,1,pred=0
2026-07-22 07:32:19,firebase_upload,detection_system/node2,64.39,1,bytes=128
2026-07-22 07:32:19,firebase_upload,Timeseries/Node2,77.40,1,bytes=58
2026-07-22 07:32:19,gw_total_frame,Node2,216.43,1,
2026-07-22 07:32:20,lora_link,Node3,1097.49,1,rssi=-60;snr=10.5;bytes=182
2026-07-22 07:32:20,firebase_upload,detection_system/node3,70.50,1,bytes=292
2026-07-22 07:32:21,lora_link,Node1,1097.14,1,rssi=-69;snr=9.0;bytes=182
2026-07-22 07:32:21,firebase_upload,detection_system/node1,73.16,1,bytes=291
2026-07-22 07:32:21,decision,Node1,0.06,1,pred=0
2026-07-22 07:32:21,firebase_upload,detection_system/node1,78.95,1,bytes=128
2026-07-22 07:32:21,firebase_upload,Timeseries/Node1,69.67,1,bytes=58
2026-07-22 07:32:21,gw_total_frame,Node1,228.32,1,
2026-07-22 07:32:22,lora_link,Node2,1087.48,1,rssi=-69;snr=9.5;bytes=182
2026-07-22 07:32:22,firebase_upload,detection_system/node2,72.09,1,bytes=291
2026-07-22 07:32:24,lora_link,Node3,1095.54,1,rssi=-60;snr=10.0;bytes=182
2026-07-22 07:32:24,firebase_upload,detection_system/node3,71.85,1,bytes=292
2026-07-22 07:32:24,decision,Node3,0.07,1,pred=0
2026-07-22 07:32:24,firebase_upload,detection_system/node3,76.65,1,bytes=128
2026-07-22 07:32:24,firebase_upload,Timeseries/Node3,67.22,1,bytes=58
2026-07-22 07:32:24,gw_total_frame,Node3,220.99,1,
2026-07-22 07:32:25,lora_link,Node1,1095.52,1,rssi=-72;snr=8.5;bytes=182
2026-07-22 07:32:25,firebase_upload,detection_system/node1,80.12,1,bytes=291
2026-07-22 07:32:26,lora_link,Node2,1096.71,1,rssi=-67;snr=9.75;bytes=182
2026-07-22 07:32:26,firebase_upload,detection_system/node2,74.86,1,bytes=292
2026-07-22 07:32:26,decision,Node2,0.09,1,pred=0
2026-07-22 07:32:26,firebase_upload,detection_system/node2,85.39,1,bytes=128
2026-07-22 07:32:27,firebase_upload,Timeseries/Node2,69.14,1,bytes=58
2026-07-22 07:32:27,gw_total_frame,Node2,235.40,1,
2026-07-22 07:32:28,lora_link,Node3,1082.92,1,rssi=-58;snr=9.75;bytes=182
2026-07-22 07:32:28,firebase_upload,detection_system/node3,69.04,1,bytes=292
2026-07-22 07:32:29,lora_link,Node1,1095.91,1,rssi=-66;snr=9.0;bytes=182
2026-07-22 07:32:29,firebase_upload,detection_system/node1,73.39,1,bytes=291
2026-07-22 07:32:29,decision,Node1,0.04,1,pred=0
2026-07-22 07:32:29,firebase_upload,detection_system/node1,79.43,1,bytes=128
2026-07-22 07:32:29,firebase_upload,Timeseries/Node1,70.07,1,bytes=58
2026-07-22 07:32:29,gw_total_frame,Node1,227.30,1,
2026-07-22 07:32:30,lora_link,Node2,1088.82,1,rssi=-65;snr=9.75;bytes=182
2026-07-22 07:32:30,firebase_upload,detection_system/node2,68.59,1,bytes=292
2026-07-22 07:32:32,lora_link,Node3,1098.58,1,rssi=-58;snr=9.75;bytes=182
2026-07-22 07:32:32,firebase_upload,detection_system/node3,82.03,1,bytes=292
2026-07-22 07:32:32,decision,Node3,0.09,1,pred=0
2026-07-22 07:32:35,firebase_upload,detection_system/node3,3089.67,1,bytes=128
2026-07-22 07:32:35,firebase_upload,Timeseries/Node3,84.87,1,bytes=58
2026-07-22 07:32:35,gw_total_frame,Node3,3263.94,1,
2026-07-22 07:32:35,lora_link,Node1,2.26,1,rssi=-65;snr=9.25;bytes=182
2026-07-22 07:32:35,firebase_upload,detection_system/node1,80.47,1,bytes=292
2026-07-22 07:32:35,lora_link,Node2,2.98,1,rssi=-66;snr=9.5;bytes=182
2026-07-22 07:32:35,firebase_upload,detection_system/node2,65.75,1,bytes=291
2026-07-22 07:32:35,decision,Node2,0.04,1,pred=0
2026-07-22 07:32:35,firebase_upload,detection_system/node2,71.78,1,bytes=128
2026-07-22 07:32:35,firebase_upload,Timeseries/Node2,88.60,1,bytes=58
2026-07-22 07:32:35,gw_total_frame,Node2,230.71,1,
2026-07-22 07:32:36,lora_link,Node3,364.72,1,rssi=-58;snr=10.25;bytes=182
2026-07-22 07:32:36,firebase_upload,detection_system/node3,70.46,1,bytes=293
2026-07-22 07:32:37,lora_link,Node1,1096.25,1,rssi=-65;snr=9.5;bytes=182
2026-07-22 07:32:37,firebase_upload,detection_system/node1,70.65,1,bytes=291
2026-07-22 07:32:37,decision,Node1,0.08,1,pred=0
2026-07-22 07:32:37,firebase_upload,detection_system/node1,75.62,1,bytes=128
2026-07-22 07:32:37,firebase_upload,Timeseries/Node1,86.52,1,bytes=58
2026-07-22 07:32:37,gw_total_frame,Node1,238.44,1,
2026-07-22 07:32:38,lora_link,Node2,1077.87,1,rssi=-65;snr=9.25;bytes=182
2026-07-22 07:32:38,firebase_upload,detection_system/node2,76.32,1,bytes=292
2026-07-22 07:32:40,lora_link,Node3,1101.41,1,rssi=-59;snr=9.5;bytes=182
2026-07-22 07:32:40,firebase_upload,detection_system/node3,83.26,1,bytes=291
2026-07-22 07:32:40,decision,Node3,0.04,1,pred=0
2026-07-22 07:32:40,firebase_upload,detection_system/node3,66.54,1,bytes=128
2026-07-22 07:32:40,firebase_upload,Timeseries/Node3,81.76,1,bytes=58
2026-07-22 07:32:40,gw_total_frame,Node3,235.78,1,
2026-07-22 07:32:41,lora_link,Node1,1505.49,0,
2026-07-22 07:32:43,lora_link,Node2,1100.63,1,rssi=-67;snr=9.5;bytes=182
2026-07-22 07:32:43,firebase_upload,detection_system/node2,74.91,1,bytes=291
2026-07-22 07:32:43,decision,Node2,0.07,1,pred=0
2026-07-22 07:32:43,firebase_upload,detection_system/node2,77.69,1,bytes=128
2026-07-22 07:32:43,firebase_upload,Timeseries/Node2,75.16,1,bytes=58
2026-07-22 07:32:43,gw_total_frame,Node2,233.58,1,
2026-07-22 07:32:44,lora_link,Node3,1082.70,1,rssi=-62;snr=10.0;bytes=182
2026-07-22 07:32:44,firebase_upload,detection_system/node3,74.19,1,bytes=292
2026-07-22 07:32:45,lora_link,Node1,1093.13,1,rssi=-68;snr=10.0;bytes=182
2026-07-22 07:32:45,firebase_upload,detection_system/node1,73.18,1,bytes=292
2026-07-22 07:32:46,lora_link,Node2,1093.94,1,rssi=-68;snr=9.75;bytes=182
2026-07-22 07:32:47,firebase_upload,detection_system/node2,82.69,1,bytes=292
2026-07-22 07:32:48,lora_link,Node3,1091.99,1,rssi=-62;snr=9.75;bytes=182
2026-07-22 07:32:48,firebase_upload,detection_system/node3,72.00,1,bytes=292
2026-07-22 07:32:48,decision,Node3,0.03,1,pred=0
2026-07-22 07:32:48,firebase_upload,detection_system/node3,80.20,1,bytes=128
2026-07-22 07:32:48,firebase_upload,Timeseries/Node3,72.04,1,bytes=58
2026-07-22 07:32:48,gw_total_frame,Node3,228.56,1,
2026-07-22 07:32:49,lora_link,Node1,1087.85,1,rssi=-68;snr=9.5;bytes=182
2026-07-22 07:32:49,firebase_upload,detection_system/node1,79.54,1,bytes=291
2026-07-22 07:32:49,decision,Node1,0.03,1,pred=0
2026-07-22 07:32:49,firebase_upload,detection_system/node1,70.19,1,bytes=128
2026-07-22 07:32:49,firebase_upload,Timeseries/Node1,72.89,1,bytes=58
2026-07-22 07:32:49,gw_total_frame,Node1,227.62,1,
2026-07-22 07:32:50,lora_link,Node2,1087.98,1,rssi=-68;snr=9.75;bytes=182
2026-07-22 07:32:51,firebase_upload,detection_system/node2,83.84,1,bytes=292
2026-07-22 07:32:51,decision,Node2,0.09,1,pred=0
2026-07-22 07:32:51,firebase_upload,detection_system/node2,71.76,1,bytes=128
2026-07-22 07:32:51,firebase_upload,Timeseries/Node2,72.17,1,bytes=58
2026-07-22 07:32:51,gw_total_frame,Node2,234.88,1,
2026-07-22 07:32:52,lora_link,Node3,1080.90,1,rssi=-61;snr=10.25;bytes=182
2026-07-22 07:32:52,firebase_upload,detection_system/node3,71.65,1,bytes=293
2026-07-22 07:32:53,lora_link,Node1,1095.50,1,rssi=-67;snr=9.5;bytes=182
2026-07-22 07:32:53,firebase_upload,detection_system/node1,70.70,1,bytes=291
2026-07-22 07:32:54,lora_link,Node2,1096.71,1,rssi=-69;snr=9.75;bytes=182
2026-07-22 07:32:54,firebase_upload,detection_system/node2,71.61,1,bytes=292
2026-07-22 07:32:56,lora_link,Node3,1093.76,1,rssi=-62;snr=10.0;bytes=182
2026-07-22 07:32:56,firebase_upload,detection_system/node3,75.99,1,bytes=292
2026-07-22 07:32:56,decision,Node3,0.10,1,pred=0
2026-07-22 07:32:56,firebase_upload,detection_system/node3,70.54,1,bytes=128
2026-07-22 07:32:56,firebase_upload,Timeseries/Node3,66.81,1,bytes=58
2026-07-22 07:32:56,gw_total_frame,Node3,220.20,1,
2026-07-22 07:32:57,lora_link,Node1,1095.02,1,rssi=-68;snr=9.25;bytes=182
2026-07-22 07:32:57,firebase_upload,detection_system/node1,78.36,1,bytes=292
2026-07-22 07:32:57,decision,Node1,0.10,1,pred=0
2026-07-22 07:32:57,firebase_upload,detection_system/node1,73.33,1,bytes=128
2026-07-22 07:32:57,firebase_upload,Timeseries/Node1,73.90,1,bytes=58
2026-07-22 07:32:57,gw_total_frame,Node1,231.99,1,
2026-07-22 07:32:58,lora_link,Node2,1083.06,1,rssi=-69;snr=10.0;bytes=182
2026-07-22 07:32:58,firebase_upload,detection_system/node2,71.64,1,bytes=292
2026-07-22 07:32:58,decision,Node2,0.09,1,pred=0
2026-07-22 07:32:58,firebase_upload,detection_system/node2,72.25,1,bytes=128
2026-07-22 07:32:59,firebase_upload,Timeseries/Node2,70.08,1,bytes=58
2026-07-22 07:32:59,gw_total_frame,Node2,220.92,1,
2026-07-22 07:33:00,lora_link,Node3,1093.33,1,rssi=-61;snr=10.0;bytes=182
2026-07-22 07:33:00,firebase_upload,detection_system/node3,74.10,1,bytes=292
2026-07-22 07:33:01,lora_link,Node1,1092.68,1,rssi=-68;snr=10.0;bytes=182
2026-07-22 07:33:01,firebase_upload,detection_system/node1,88.14,1,bytes=292
2026-07-22 07:33:02,lora_link,Node2,1100.68,1,rssi=-70;snr=8.75;bytes=182
2026-07-22 07:33:02,firebase_upload,detection_system/node2,66.57,1,bytes=292
2026-07-22 07:33:04,lora_link,Node3,1502.05,0,
2026-07-22 07:33:05,lora_link,Node1,1097.91,1,rssi=-69;snr=9.25;bytes=182
2026-07-22 07:33:05,firebase_upload,detection_system/node1,85.51,1,bytes=292
2026-07-22 07:33:05,decision,Node1,0.09,1,pred=0
2026-07-22 07:33:05,firebase_upload,detection_system/node1,76.37,1,bytes=128
2026-07-22 07:33:06,firebase_upload,Timeseries/Node1,88.64,1,bytes=58
2026-07-22 07:33:06,gw_total_frame,Node1,257.14,1,
2026-07-22 07:33:07,lora_link,Node2,1058.75,1,rssi=-66;snr=10.0;bytes=182
2026-07-22 07:33:07,firebase_upload,detection_system/node2,78.85,1,bytes=292
2026-07-22 07:33:07,decision,Node2,0.09,1,pred=0
2026-07-22 07:33:07,firebase_upload,detection_system/node2,75.45,1,bytes=128
2026-07-22 07:33:07,firebase_upload,Timeseries/Node2,79.41,1,bytes=58
2026-07-22 07:33:07,gw_total_frame,Node2,239.19,1,
2026-07-22 07:33:08,lora_link,Node3,1089.48,1,rssi=-61;snr=9.5;bytes=182
2026-07-22 07:33:08,firebase_upload,detection_system/node3,69.23,1,bytes=291
2026-07-22 07:33:08,decision,Node3,0.08,1,pred=0
2026-07-22 07:33:08,firebase_upload,detection_system/node3,66.75,1,bytes=128
2026-07-22 07:33:08,firebase_upload,Timeseries/Node3,76.42,1,bytes=58
2026-07-22 07:33:08,gw_total_frame,Node3,218.02,1,
2026-07-22 07:33:09,lora_link,Node1,1095.91,1,rssi=-70;snr=9.25;bytes=182
2026-07-22 07:33:09,firebase_upload,detection_system/node1,76.32,1,bytes=293
